title,price,comments,details_urls,shoop
新疆特产库车小白杏干天然无自然风干树上干杏吊死干新货特级 特级(500克),88.61,0,https://item.m.jd.com/product/10032457199918.html?_fd=jdm&amp;price=88.61&amp;fs=1,皓露睿食品饮料专营店
杏仁奶枣 500g夹心奶酪枣 新疆灰枣夹杏仁巴旦木仁零食 （不含巴旦木）奶枣500g,43.90,200,https://item.m.jd.com/product/10038266874679.html?_fd=jdm&amp;price=43.90&amp;fs=1,中国特产·特克斯助农馆
【奎屯馆】新疆有机树上干杏杏脯杏肉杏包仁 200g/袋 伊杏皇果苑吊死杏干杏肉礼盒 杏仁 200g*2袋装,78.80,100,https://item.m.jd.com/product/10032054764655.html?_fd=jdm&amp;price=78.80&amp;fs=1,中国特产·奎屯馆
土耳其杏干天然杏脯非新疆树上干杏无核特级200g*5袋杏肉非散装,59.90,2000,https://item.m.jd.com/product/59366923430.html?_fd=jdm&amp;price=59.90&amp;fs=1,黄金田园食品官方旗舰店
诗梦园 伊犁杏子果丹皮 儿时怀旧老手工零食 新疆特产杏子片杏子卷杏子条酸甜爽口 杏子500g*1盒,48.00,100,https://item.m.jd.com/product/28484170518.html?_fd=jdm&amp;price=48.00&amp;fs=1,祥如食品专营店
新疆新货库车小白杏特级超甜无添加树上杏干无添加吊干杏 精选杏干1斤【新疆直发】,30.90,5,https://item.m.jd.com/product/10033555458752.html?_fd=jdm&amp;price=30.90&amp;fs=1,欣祥利仁零食专营店
丝绸果路 新疆黑杏干树上吊干大黑杏干大丑杏干果干500g *1,38.00,0,https://item.m.jd.com/product/10039357832531.html?_fd=jdm&amp;price=38.00&amp;fs=1,萌途旗舰店
无核大杏干新疆特产红杏干大黑杏脯杏肉土耳其甜食果脯天然无 精选大号1000g()【强烈推荐】,139.00,1,https://item.m.jd.com/product/71743934020.html?_fd=jdm&amp;price=139.00&amp;fs=1,班之宇食品专营店
新疆杏包仁大漠马卡龙杏干夹和田核桃休闲零食蜜饯果干120g 杏包仁120g,15.50,100,https://item.m.jd.com/product/10029762678126.html?_fd=jdm&amp;price=15.50&amp;fs=1,中国特产·新疆兵团第八师馆
杏干天然晒干新疆特产干果小白杏干吊干杏1000g 【杏干1斤】,36.80,34,https://item.m.jd.com/product/64222659223.html?_fd=jdm&amp;price=36.80&amp;fs=1,五分地食品专营店
土耳其杏干19年新货特级杏肉干天然晾晒新鲜新疆吊干杏脯 500g 500g黄杏脯+500g黑杏脯,117.00,0,https://item.m.jd.com/product/70794745885.html?_fd=jdm&amp;price=117.00&amp;fs=1,沫娅娜糕点专营店
新疆小白杏干伊犁61团库车自然风干原味树上吊死干杏500克,56.80,1000,https://item.m.jd.com/product/45109344198.html?_fd=jdm&amp;price=56.80&amp;fs=1,荣荣特产专营店
圣域美疆土耳其杏干500g大杏干特级新疆杏脯无核大黑杏干原色原味孕妇零食 黑杏干500 特级0号无核黑杏干杏肉1000克,78.90,7,https://item.m.jd.com/product/10038446263675.html?_fd=jdm&amp;price=78.90&amp;fs=1,乐滋道食品特产专营店
【抖音同款】简农古树杏干无核杏干 120g/袋装 2021新品新疆特产杏干休闲小零食无添加纯杏干 129g*4(老包装),76.00,0,https://item.m.jd.com/product/10040638158263.html?_fd=jdm&amp;price=76.00&amp;fs=1,ccbccrmix旗舰店
台式咸酸杏话梅干500g散装称斤风味腌渍梅子蜜饯果脯办公蜜饯零食 【袋装】台式话梅干1斤(净含量250gX2袋),55.66,0,https://item.m.jd.com/product/10040950483500.html?_fd=jdm&amp;price=55.66&amp;fs=1,轻韶豆包专卖店
锐锐果 新疆特产杏肉干英吉沙杏干无核无添加天然杏子干 色买提甜杏干258g,25.90,38,https://item.m.jd.com/product/10037087974544.html?_fd=jdm&amp;price=25.90&amp;fs=1,锐锐果官方旗舰店
山西特产休闲零食杏肉杏条阳高杏脯500g×3袋无核新疆杏干条 酸甜杏条2袋,63.00,100,https://item.m.jd.com/product/69885885447.html?_fd=jdm&amp;price=63.00&amp;fs=1,好味铺园艺专营店
新疆恐龙蛋黄肉  味厚味帝34斤特级大果空运应季当季新鲜水果孕妇杏李李子时令平安夜送礼品水果礼盒礼物 6斤中果【特划算】,197.00,19,https://item.m.jd.com/product/10036720068915.html?_fd=jdm&amp;price=197.00&amp;fs=1,田良记官方旗舰店
新疆吊干杏四团2021新货特级新鲜无添加树上干杏脯天然晾晒吊杏干 大果1000g,107.28,0,https://item.m.jd.com/product/10037453467038.html?_fd=jdm&amp;price=107.28&amp;fs=1,鑫顺通达生鲜专营店
新边界（new boundaries） 红杏新疆特产杏脯蜜饯零食无核杏肉零食200g*2,25.90,100,https://item.m.jd.com/product/19573925866.html?_fd=jdm&amp;price=25.90&amp;fs=1,新边界官方旗舰店
简农古树杏干120g袋装无核个大果干独立包装新疆天然蜜饯孕妇零食 杏干120g*5包,88.90,19,https://item.m.jd.com/product/10037212733415.html?_fd=jdm&amp;price=88.90&amp;fs=1,娘舅家旗舰店
250g新疆特产树上干小白杏干非糖渍吊死干杏孕妇零食干果农家甜杏,32.00,52,https://item.m.jd.com/product/56846063245.html?_fd=jdm&amp;price=32.00&amp;fs=1,空间之锋农资专营店
土耳其黄杏干特级酸甜杏脯杏干500g新疆特产杏肉干孕妇天然无1 土耳其--黑杏脯 500克,72.00,0,https://item.m.jd.com/product/71504317693.html?_fd=jdm&amp;price=72.00&amp;fs=1,班之宇食品饮料专营店
雪海梅乡红杏干260g*1杏干零食蜜饯水果干杏果果脯杏脯肉新疆特产 橙色 红杏干260g*1,29.90,200,https://item.m.jd.com/product/10039528899218.html?_fd=jdm&amp;price=29.90&amp;fs=1,雪海梅乡官方旗舰店
新疆红杏干杏脯500g吊干杏杏肉树上酸杏子孕妇零食罐装果脯蜜饯 精品杏干罐装1000g/2斤(两罐装),78.00,22,https://item.m.jd.com/product/10033838615803.html?_fd=jdm&amp;price=78.00&amp;fs=1,中京元休闲食品专营店
新品新疆吊干杏一杏两吃休闲零食蜜饯果脯散装500克 新疆吊干杏500克【1斤】,36.70,3,https://item.m.jd.com/product/10024000719755.html?_fd=jdm&amp;price=36.70&amp;fs=1,金底富荣休闲食品专营店
【巴州馆】新疆特产树上杏干 四团吊干杏 干果蜜饯新货休闲零食果脯 土耳其无核杏干（500g*1袋）,49.80,88,https://item.m.jd.com/product/10033787825815.html?_fd=jdm&amp;price=49.80&amp;fs=1,中国特产·巴州馆
疆憨憨 新疆奶枣巴旦木杏仁夹心奶酪红枣坚果网红解馋小零食休闲食品 125g*6袋,69.90,58,https://item.m.jd.com/product/10035631767139.html?_fd=jdm&amp;price=69.90&amp;fs=1,中国特产·博州馆
新疆伊犁四团吊干杏树上杏干500g吊死干原味杏包仁 大杏干500g,42.80,2,https://item.m.jd.com/product/10023944443059.html?_fd=jdm&amp;price=42.80&amp;fs=1,食之悠零食专营店
杏干吊干杏干无添加天然级四团树上干杏特级新疆特产吊干杏干 一级新货 两斤装,112.00,4,https://item.m.jd.com/product/10032645808734.html?_fd=jdm&amp;price=112.00&amp;fs=1,鸥贰堂食品专营店
每果时光 新疆杏干500g大片杏脯杏肉儿童孕妇零食休闲小吃蜜饯果干水果脯果蔬水果干 【半斤】精品杏干：250g*1包,16.80,10000,https://item.m.jd.com/product/10020756426542.html?_fd=jdm&amp;price=16.80&amp;fs=1,每果时光旗舰店
萃老大新疆伊犁杏干 萃老大新疆伊犁杏干香甜软糯200g罐 十罐 新疆伊犁杏条 六分酸四分甜,177.00,3,https://item.m.jd.com/product/10033522251021.html?_fd=jdm&amp;price=177.00&amp;fs=1,盛力驰食品饮料专营店
新疆特产杏干 树上干吊干杏没有添加剂250g*2袋赛天然吊死干 中颗粒无添加无熏制(一杏两吃)吊干杏250g*2袋,45.00,11,https://item.m.jd.com/product/57007520720.html?_fd=jdm&amp;price=45.00&amp;fs=1,空间之锋园艺专营店
宏泰记果脯蜜饯话梅肉陈皮酵素梅新疆玉杏无花果酸Q梅杨梅蓝莓李果组合办公室休闲零食混合果干 陈皮话李500g,24.80,1000,https://item.m.jd.com/product/32106442546.html?_fd=jdm&amp;price=24.80&amp;fs=1,大眼蛙食品专营店
【奎屯馆】新疆特产有机树上干杏吊干杏 伊杏皇果苑吊死杏干办公室休闲零食果干 500g/袋 1袋装,38.80,200,https://item.m.jd.com/product/56093680888.html?_fd=jdm&amp;price=38.80&amp;fs=1,中国特产·奎屯馆
5折 杏包仁大漠马卡龙新疆吊死杏干夹核杏脯肉夹仁120克*3 120gx3包,77.00,2,https://item.m.jd.com/product/10038590799984.html?_fd=jdm&amp;price=77.00&amp;fs=1,荧捷顺发食品专营店
耳其杏干500g大杏干新疆杏脯无核大黑杏干原色原味孕妇零食 黑杏干500g*1罐,39.00,500,https://item.m.jd.com/product/10031169460105.html?_fd=jdm&amp;price=39.00&amp;fs=1,中国特产·邛崃助农馆
问君 红杏干 蜜饯果干 新疆特产办公室休闲零食杏脯 树上干杏500g/袋 500g【偏酸杏条】,49.90,500,https://item.m.jd.com/product/71422846528.html?_fd=jdm&amp;price=49.90&amp;fs=1,问君红枣官方旗舰店
新疆伊犁古力拜果丹皮苹果杏子味180g*2盒小时候的味道儿童零食 杏子180g+树莓180g+苹果180g,49.00,2,https://item.m.jd.com/product/10036045632142.html?_fd=jdm&amp;price=49.00&amp;fs=1,爱果水果专营店
蔚献无核新疆杏干500g无添加不加糖孕妇酸甜零食果干果脯蜜饯休闲食品 500g,48.80,17,https://item.m.jd.com/product/10032502267381.html?_fd=jdm&amp;price=48.80&amp;fs=1,蔚献食品官方旗舰店
大漠马卡龙杏包仁  120g 杏干新疆特产大漠马卡龙杏包仁吊死干年货零食 【杏包仁120g】,18.62,2,https://item.m.jd.com/product/10038433747145.html?_fd=jdm&amp;price=18.62&amp;fs=1,MUMUCREAN营养保健旗舰店
吊干杏干无添加天然新疆特产2021年新货特级树上干杏脯新疆杏干  2斤,85.10,18,https://item.m.jd.com/product/10035482940727.html?_fd=jdm&amp;price=85.10&amp;fs=1,壹缘堂零食专营店
【乌鲁木齐馆】新疆网红奶枣巴旦木夹心杏仁大枣 奶酪红枣 独立包装袋装 方便零食新货 奶酪泡芙枣 5kg箱装（原包装箱装）,439.00,87,https://item.m.jd.com/product/10035628054954.html?_fd=jdm&amp;price=439.00&amp;fs=1,中国特产·乌鲁木齐馆
5折 宏泰记系列整袋5斤 杨梅乌梅柠檬话梅西梅果脯干蜜饯零食 新疆玉杏(整袋5斤),123.50,1,https://item.m.jd.com/product/64715972530.html?_fd=jdm&amp;price=123.50&amp;fs=1,初然食品专营店
微帆 新疆特产250g杏干杏脯无核杏肉整件优惠 原味,29.50,0,https://item.m.jd.com/product/56754083667.html?_fd=jdm&amp;price=29.50&amp;fs=1,微帆休闲食品专营店
阿弟仔红杏干100g无核杏脯果脯蜜饯新疆办公室休闲零食网红小吃特产果干 红杏干100g*1包,23.80,80,https://item.m.jd.com/product/69698493004.html?_fd=jdm&amp;price=23.80&amp;fs=1,阿弟仔旗舰店
【巴州馆】新疆特产树上杏干 四团吊干杏 干果蜜饯新货休闲零食果脯 超特级吊干杏（500g*1袋）,39.00,88,https://item.m.jd.com/product/10033787825812.html?_fd=jdm&amp;price=39.00&amp;fs=1,中国特产·巴州馆
梅情梅趣甘草杏甘草杏肉独立小包装阿梅肉杏脯蜜饯杏条新疆杏干 阿梅肉500克(无核),25.16,19,https://item.m.jd.com/product/10025690544933.html?_fd=jdm&amp;price=25.16&amp;fs=1,顺谷进口食品专营店
丝路印象干果来自新疆的礼物杏干丝路印象干果新疆特产新货大杏仁新疆农户干果肉脯 (精品装)无核大黑杏500g,77.40,4,https://item.m.jd.com/product/10041112824829.html?_fd=jdm&amp;price=77.40&amp;fs=1,畅欧泰尚干货专营店
新疆杏包仁大漠马卡龙天然吊死杏干夹仁甘草杏脯杏肉树上干杏 杏包核桃仁120gx3袋,58.50,2,https://item.m.jd.com/product/10035218389060.html?_fd=jdm&amp;price=58.50&amp;fs=1,依恋帕斯休闲食品专营店
新疆小白杏干库车甜杏干树上干杏无添加 【特级】小白杏干2斤装,128.00,200,https://item.m.jd.com/product/65009851331.html?_fd=jdm&amp;price=128.00&amp;fs=1,晓器猴食品专营店
新疆特产有机树上干杏吊干杏 伊杏皇吊死干杏干办公室休闲零食果干果脯 500g/袋 1袋装,36.80,47,https://item.m.jd.com/product/70656655255.html?_fd=jdm&amp;price=36.80&amp;fs=1,中国特产·新疆兵团一二六团馆
杏干新货2斤树上干杏天然晾晒新鲜新疆特产吊干杏 一级新货200g(品尝),22.00,5,https://item.m.jd.com/product/67680413024.html?_fd=jdm&amp;price=22.00&amp;fs=1,采瑞园艺专营店
阳高杏脯250g山西特产大同杏埔散装酸甜杏肉非新疆天然无杏干 蜂蜜杏脯半斤(甜酸),31.00,0,https://item.m.jd.com/product/65738063094.html?_fd=jdm&amp;price=31.00&amp;fs=1,班之宇食品饮料专营店
安萁 杏干无添加无核原味杏脯新疆土耳其杏干500g原色原味孕妇零食 黑杏干250gX2罐,49.80,1000,https://item.m.jd.com/product/10024747426689.html?_fd=jdm&amp;price=49.80&amp;fs=1,安萁官方旗舰店
无苦集新疆特产喀什大黑杏干500g天然无特级树上杏干1,79.00,3,https://item.m.jd.com/product/71504380824.html?_fd=jdm&amp;price=79.00&amp;fs=1,班之宇食品饮料专营店
新疆新红杏干无核杏脯果脯罐装酸甜杏子蜜饯孕妇零食无添加 新货罐装红杏干500g,60.00,5,https://item.m.jd.com/product/10031270559306.html?_fd=jdm&amp;price=60.00&amp;fs=1,桂福堂零食专营店
枣粮先生  奶枣网红休闲健康零食杏仁巴旦木夹心新疆红枣奶芙  多口味奶酪枣 （含巴旦木）杏心奶枣125g*2,32.90,5000,https://item.m.jd.com/product/10023593537763.html?_fd=jdm&amp;price=32.90&amp;fs=1,枣粮先生旗舰店
正宗新疆和田大枣特级大红枣批发玉骏枣非加工1斤3斤5斤新货 精选和田大枣【1斤装】,13.88,5,https://item.m.jd.com/product/10037847151949.html?_fd=jdm&amp;price=13.88&amp;fs=1,苏亚特产专营店
山西特产休闲零食杏肉杏条阳高杏脯500g×3袋无核新疆杏干条 原味酸甜杏条3袋,84.00,100,https://item.m.jd.com/product/69885885443.html?_fd=jdm&amp;price=84.00&amp;fs=1,好味铺园艺专营店
5折 杏干原味 新疆伊犁四团吊干杏树上杏干吊死干原味杏包仁XG 小杏干500g,29.50,6,https://item.m.jd.com/product/71440810823.html?_fd=jdm&amp;price=29.50&amp;fs=1,贝乐时光特产专营店
新疆特产无核杏干 红杏肉吊死干果脯杏脯500g,78.50,16,https://item.m.jd.com/product/71058265191.html?_fd=jdm&amp;price=78.50&amp;fs=1,澳荣联德食品专营店
杏仁奶枣 500g夹心奶酪枣 新疆灰枣夹杏仁巴旦木仁零食 (不含巴旦木）奶枣1000g,85.50,200,https://item.m.jd.com/product/10038266874680.html?_fd=jdm&amp;price=85.50&amp;fs=1,中国特产·特克斯助农馆
丝路印象干果来自新疆的礼物杏干丝路印象干果新疆特产新货大杏仁新疆农户干果肉脯 无核黑杏200g*1包,32.40,4,https://item.m.jd.com/product/10041112824827.html?_fd=jdm&amp;price=32.40&amp;fs=1,畅欧泰尚干货专营店
土耳其黄杏干特级酸甜杏脯杏干500g新疆特产杏肉干孕妇天然无1 黄杏脯1斤+黑杏脯1斤,134.00,0,https://item.m.jd.com/product/71504317694.html?_fd=jdm&amp;price=134.00&amp;fs=1,班之宇食品饮料专营店
【伊犁馆】新疆特产树上干杏 一杏两吃 自然风干吊死杏干 420g/袋 420g装,29.90,5000,https://item.m.jd.com/product/59100069373.html?_fd=jdm&amp;price=29.90&amp;fs=1,中国特产·伊犁馆
新疆库车小白杏干2021新货树上杏干吊干杏 杏干1斤g,28.42,4,https://item.m.jd.com/product/10037992530111.html?_fd=jdm&amp;price=28.42&amp;fs=1,璟瑞名海食品专营店
新疆阿克苏吊干杏杏干树上干杏杏仁一杏两吃晾晒500g 新疆杏干4斤,214.00,0,https://item.m.jd.com/product/70781799049.html?_fd=jdm&amp;price=214.00&amp;fs=1,沫娅娜熟食卤味专营店
唇战 土耳其杏干250g大杏干非新疆杏脯无核大黑杏干原色原味孕妇零食 精选黒杏干250gX1罐,26.80,53,https://item.m.jd.com/product/10029789641922.html?_fd=jdm&amp;price=26.80&amp;fs=1,唇战食品旗舰店
简农古树杏干新疆无核杏干新品新疆特产杏干休闲小零食120gX4包 4包简农无核杏干(4*120g),62.96,7,https://item.m.jd.com/product/10037212711802.html?_fd=jdm&amp;price=62.96&amp;fs=1,娘舅家旗舰店
西域果园新疆杏包仁120g三包杏干夹核桃仁抱抱果大漠马卡龙英吉沙杏干夹和田核桃仁休闲零食 杏包仁120gX3,39.90,5000,https://item.m.jd.com/product/67359091479.html?_fd=jdm&amp;price=39.90&amp;fs=1,西域果园地方特产旗舰店
新疆特产杏干晒原味吊干杏新鲜散装吊干杏 二级吊干杏500克×1包,23.00,4,https://item.m.jd.com/product/71069828156.html?_fd=jdm&amp;price=23.00&amp;fs=1,澳荣联德食品专营店
新疆阿克苏吊干杏杏干树上干杏杏仁一杏两吃晾晒500g 新疆杏干2斤,125.00,0,https://item.m.jd.com/product/70781799047.html?_fd=jdm&amp;price=125.00&amp;fs=1,沫娅娜熟食卤味专营店
问君 新疆特产杏干树上吊干杏果脯蜜饯果干休闲食品杏脯500g/袋 500g,26.90,200,https://item.m.jd.com/product/68819906705.html?_fd=jdm&amp;price=26.90&amp;fs=1,耕正食品专营店
【京选推荐】吊干杏新疆杏干树上干杏脯晾晒免洗吊杏干杏仁 二级1斤 今年新货,19.00,3,https://item.m.jd.com/product/10030984061651.html?_fd=jdm&amp;price=19.00&amp;fs=1,过客食品饮料专营店
宏泰记果脯蜜饯话梅肉陈皮酵素梅新疆玉杏无花果酸Q梅杨梅蓝莓李果组合办公室休闲零食混合果干 美味西梅500g,24.80,1000,https://item.m.jd.com/product/32106442551.html?_fd=jdm&amp;price=24.80&amp;fs=1,大眼蛙食品专营店
【奎屯馆】新疆特产果丹皮 诗梦园 苹果杏子树莓味酸痛爽口开胃儿童休闲果脯零食 苹果味 500g,49.80,45,https://item.m.jd.com/product/66900469969.html?_fd=jdm&amp;price=49.80&amp;fs=1,中国特产·奎屯馆
新疆2020新货库车小白杏干超甜吊死干500g 1000克(),142.50,0,https://item.m.jd.com/product/70528061185.html?_fd=jdm&amp;price=142.50&amp;fs=1,申博食品专营店
新疆特产四团杏干天然晒原味吊干杏新鲜散装无蔗糖吊干杏 二级吊干杏500克x1包,22.85,10,https://item.m.jd.com/product/71315252350.html?_fd=jdm&amp;price=22.85&amp;fs=1,义和祥食品专营店
利吉氏金杏干利金杏干吉氏甜杏果干酸酸甜甜g*6袋装零食 利吉氏金杏干100g*15袋g,264.50,32,https://item.m.jd.com/product/10038145329068.html?_fd=jdm&amp;price=264.50&amp;fs=1,翔京旗舰店
星云湖 新疆轮台小白杏干 吊死干树上干自然风干 500g,39.90,100,https://item.m.jd.com/product/19281086471.html?_fd=jdm&amp;price=39.90&amp;fs=1,蝶本生鲜专营店
小小的我英吉沙色买提甜杏肉新疆杏干零食营养杏肉果干 杏肉畅享装100g*3袋,110.00,1,https://item.m.jd.com/product/10034056747137.html?_fd=jdm&amp;price=110.00&amp;fs=1,日式浅草旗舰店
新疆无核大红枣 去核干大枣即食免洗干果蜜饯果干小零食网红奶枣专用夹大杏仁巴旦木原料烘焙 新疆去核大枣500g,13.80,100,https://item.m.jd.com/product/10024747461997.html?_fd=jdm&amp;price=13.80&amp;fs=1,北爱亿达食品专营店
豆乐奇 新疆特产土耳其大黑杏干甜杏干杏脯无核杏肉 500g,46.80,0,https://item.m.jd.com/product/66917611488.html?_fd=jdm&amp;price=46.80&amp;fs=1,良可优品食品专营店
山西特产休闲零食杏肉杏条阳高杏脯500g×3袋无核新疆杏干条 1袋偏甜1袋酸甜,63.00,100,https://item.m.jd.com/product/69885885449.html?_fd=jdm&amp;price=63.00&amp;fs=1,好味铺园艺专营店
新疆红杏干无核500g杏仁果脯罐装酸甜杏儿肉蜜饯零食小吃 新货袋装红杏干250g尝鲜,22.00,7,https://item.m.jd.com/product/10036179393176.html?_fd=jdm&amp;price=22.00&amp;fs=1,格诗休闲食品专营店
二杠头奶酪枣夹杏仁奶枣网红抖音炒奶枣炒货巴旦木夹心奶酪新疆红枣零食 奶酪枣【原味不夹心款】 500g独立包装,17.60,17,https://item.m.jd.com/product/10034361587359.html?_fd=jdm&amp;price=17.60&amp;fs=1,西月超方便食品专营店
神恋 新疆英吉沙杏干 天然不加糖风干水果干零食蜜饯果脯特产 200g罐装,25.90,13,https://item.m.jd.com/product/10034191373093.html?_fd=jdm&amp;price=25.90&amp;fs=1,田间口袋食品旗舰店
新疆红杏干500g大片杏脯杏肉儿童孕妇零食休闲小吃蜜饯果干水果脯蔬果干 杏干500g罐装,28.80,100,https://item.m.jd.com/product/10032467543452.html?_fd=jdm&amp;price=28.80&amp;fs=1,镇参崖·通化特产馆
新疆特产新货杏干无添加无蔗休闲零食2021特级树上吊干杏免洗即食 新疆吊干杏250克*2袋(1斤原生态新货尝鲜),80.50,0,https://item.m.jd.com/product/10040112356460.html?_fd=jdm&amp;price=80.50&amp;fs=1,福香羽食品专营店
吊干杏干新疆新货杏脯树上干杏天然新鲜杏干厚肉 阿克苏吊干杏2斤,108.00,100,https://item.m.jd.com/product/56452218983.html?_fd=jdm&amp;price=108.00&amp;fs=1,空间之锋农资专营店
杏干500g吊干杏脯新疆树上干红杏子肉蜜饯果脯酸甜零食 精品杏干250克X2袋,38.00,6,https://item.m.jd.com/product/10036226614207.html?_fd=jdm&amp;price=38.00&amp;fs=1,格诗休闲食品专营店
农香森 杏干500g罐装 新疆红杏无吊干杏杏肉天然酸杏子 休闲零食果脯蜜饯,36.80,2000,https://item.m.jd.com/product/100024971588.html?_fd=jdm&amp;price=36.80&amp;fs=1,农香森京东自营旗舰店
新疆杏肉227g甘草杏无核大杏干酸甜杏脯小盒装蜜饯果 新疆杏肉227g*5盒,97.20,1,https://item.m.jd.com/product/10036995687276.html?_fd=jdm&amp;price=97.20&amp;fs=1,年顺休闲食品专营店
5折 新疆阿克苏树上吊死自然风干杏干孕妇零食果脯伊犁500克 小白杏干(杏味浓郁口感软糯),68.40,100,https://item.m.jd.com/product/70566230293.html?_fd=jdm&amp;price=68.40&amp;fs=1,初然食品专营店
神恋 新疆英吉沙杏肉 去核杏干天然无添加糖果脯蜜饯小孩孕妇休闲健康零食小吃果干 120g/罐装,25.90,19,https://item.m.jd.com/product/10034209892984.html?_fd=jdm&amp;price=25.90&amp;fs=1,田间口袋食品旗舰店
新疆特产2021年新货吊干杏500g一杏两吃自然风干蜜饯休闲零食果脯 新疆杏干500gx2袋（不加糖+原生态）,56.80,2000,https://item.m.jd.com/product/10026477913883.html?_fd=jdm&amp;price=56.80&amp;fs=1,中国特产·特克斯助农馆
【周周乐】 新疆无核杏干500g罐装杏肉休闲特产网红休闲零食品小吃果脯蜜饯果干 精品新鲜无核杏干罐装净重500g(500g*1罐）,29.80,500,https://item.m.jd.com/product/10030745151992.html?_fd=jdm&amp;price=29.80&amp;fs=1,周周乐旗舰店
腾飞荣达新疆吊干杏180g*1盒装杏干果脯蜜饯办公室休闲零食 腾飞吊干杏180g*2盒,37.74,1,https://item.m.jd.com/product/10038908173490.html?_fd=jdm&amp;price=37.74&amp;fs=1,弘康鑫协零食专营店
新疆杏干无核黑杏脯土耳其甜杏肉500g原味非散装 无核黑杏干250g*1袋,35.40,2,https://item.m.jd.com/product/10036674661112.html?_fd=jdm&amp;price=35.40&amp;fs=1,甜甜食品专营店
锐锐果 新疆特产喀什大黑杏干500g天然无添加大丑杏肉厚树上吊干杏一杏两吃杏干孕妇零食果干无熏制杏干,32.90,100,https://item.m.jd.com/product/10028871641866.html?_fd=jdm&amp;price=32.90&amp;fs=1,锐锐果官方旗舰店
西域皇后奶枣 奶枣西域皇后奶枣500g网红奶酪枣夹心枣牛奶红枣夹杏仁新疆 【含巴旦木仁】奶枣500g*1包,68.00,22,https://item.m.jd.com/product/10035422752762.html?_fd=jdm&amp;price=68.00&amp;fs=1,迈芙休闲食品旗舰店
山西特产休闲零食杏肉杏条阳高杏脯500g×3袋无核新疆杏干条 偏甜杏条3袋,84.00,100,https://item.m.jd.com/product/69885885444.html?_fd=jdm&amp;price=84.00&amp;fs=1,好味铺园艺专营店
1000g新疆杏干吊干特级杏干 杏子 树上干杏 自然风干 吊干杏,95.00,87,https://item.m.jd.com/product/47741969604.html?_fd=jdm&amp;price=95.00&amp;fs=1,永顺零食专营店
【奎屯馆】新疆伊犁果丹皮 380g/盒 苹果杏子树莓卷零食果干办公室小吃儿时怀旧酸甜爽口开胃 杏子180g*2盒,39.80,76,https://item.m.jd.com/product/10023698486936.html?_fd=jdm&amp;price=39.80&amp;fs=1,中国特产·奎屯馆
利吉氏金杏干利金杏干吉氏甜杏果干酸酸甜甜g*6袋装零食 利吉氏金杏干100g*9袋g,163.70,32,https://item.m.jd.com/product/10038145329067.html?_fd=jdm&amp;price=163.70&amp;fs=1,翔京旗舰店
土耳其杏干无添加天然新疆特产大黑杏脯无核甜杏肉原味 黑杏干250g*4袋,175.80,2,https://item.m.jd.com/product/10034216517808.html?_fd=jdm&amp;price=175.80&amp;fs=1,璀璨食品专营店
新疆吊干杏新鲜吊死干树上杏干农家500g天然2斤 新疆吊干杏1000g,113.00,200,https://item.m.jd.com/product/56452218981.html?_fd=jdm&amp;price=113.00&amp;fs=1,空间之锋农资专营店
新疆杏干伊犁树上干杏无添加自然晾晒新货特产四团吊死干杏干 特级吊干杏500克1袋,77.10,0,https://item.m.jd.com/product/10035852424580.html?_fd=jdm&amp;price=77.10&amp;fs=1,大伟食品专营店
抹茶味小奶枣杏心奶枣巧克力香芋味奶油夹心枣新疆灰枣巴旦木零食 (抹茶味巴旦木奶枣)260克装,64.80,1,https://item.m.jd.com/product/10040192410643.html?_fd=jdm&amp;price=64.80&amp;fs=1,芭尔咪零食专营店
新疆特产伊犁树上干杏天然无自然风干杏两吃的杏干500g1 二级1000g,84.00,41,https://item.m.jd.com/product/71743582077.html?_fd=jdm&amp;price=84.00&amp;fs=1,班之宇食品专营店
【沙漠玉珠】21年新货新疆特产大杏干无核黑杏干杏肉零食自然原味500g果干不加糖香甜软糯肉厚劲道 新疆无核大杏干500克*2袋,79.80,500,https://item.m.jd.com/product/68345231570.html?_fd=jdm&amp;price=79.80&amp;fs=1,沙漠玉珠旗舰店
杏干土耳其进口500g原味无核无添加红杏干黄杏干黑杏干新疆杏肉杏脯 黑杏干 250g*2 共两包,49.90,5000,https://item.m.jd.com/product/45867693909.html?_fd=jdm&amp;price=49.90&amp;fs=1,添霖食品专营店
新疆特产土耳其黄杏脯 大黑杏干 无核杏肉厚 黑杏500g,45.00,100,https://item.m.jd.com/product/32062068747.html?_fd=jdm&amp;price=45.00&amp;fs=1,乐图生鲜专营店
新疆特产伊犁树上吊杏干自然风干杏原味500g 喀什大杏干1000g,50.65,0,https://item.m.jd.com/product/10034970192740.html?_fd=jdm&amp;price=50.65&amp;fs=1,班房食品专营店
山西特产休闲零食杏肉杏条阳高杏脯500g×3袋无核新疆杏干条 偏甜杏条2袋,63.00,100,https://item.m.jd.com/product/69885885448.html?_fd=jdm&amp;price=63.00&amp;fs=1,好味铺园艺专营店
【满299 减200】西域美农 大白杏干250g/袋 新疆特产 蜜饯果干 杏脯大白干杏孕妇零食,49.90,2000,https://item.m.jd.com/product/10414559490.html?_fd=jdm&amp;price=49.90&amp;fs=1,西域美农官方旗舰店
土耳其杏干杏脯1000g杏肉非新疆杏子甘草吊干杏 250g*2袋,50.35,0,https://item.m.jd.com/product/59997360245.html?_fd=jdm&amp;price=50.35&amp;fs=1,奥兰园艺专营店
【乌鲁木齐馆】新疆阿克苏吊干杏 吊死干杏子 小红杏 杏干 袋装 蜜饯果干 干果零食 500g*3袋,98.00,100,https://item.m.jd.com/product/10036663318026.html?_fd=jdm&amp;price=98.00&amp;fs=1,中国特产·乌鲁木齐馆
新疆阿克苏吊干杏杏干树上干杏杏仁一杏两吃晾晒500g 新疆杏干1斤,69.00,0,https://item.m.jd.com/product/70781799046.html?_fd=jdm&amp;price=69.00&amp;fs=1,沫娅娜熟食卤味专营店
【小时候的零食】新疆杏干杏脯500g吊干杏新鲜无核杏肉偏酸杏干果脯小零食零食大礼包 【袋装】无核杏干(250g*2袋),35.90,9,https://item.m.jd.com/product/10037554460687.html?_fd=jdm&amp;price=35.90&amp;fs=1,左耳朵食品专营店
吊干杏干新疆新货杏脯树上干杏天然新鲜杏干厚肉 阿克苏吊死干1斤,64.00,100,https://item.m.jd.com/product/56452218982.html?_fd=jdm&amp;price=64.00&amp;fs=1,空间之锋农资专营店
杏干新货2斤吊干杏新鲜新疆四团吊杆杏特 一级杏干2斤装,79.70,6,https://item.m.jd.com/product/10022434776881.html?_fd=jdm&amp;price=79.70&amp;fs=1,卓联食品专营店
【葡甜之夏】新货新疆特产杏干包核桃仁果干500g 杏脯夹心零食   杏干夹核桃仁500克 杏干夹核桃仁500克,59.80,70,https://item.m.jd.com/product/70654476447.html?_fd=jdm&amp;price=59.80&amp;fs=1,葡甜之夏官方旗舰店
甘草杏 甘草杏肉独立小包装阿梅肉杏脯蜜饯杏条新疆杏干 原味新疆杏条500克(无核)g,29.80,15,https://item.m.jd.com/product/10038263499120.html?_fd=jdm&amp;price=29.80&amp;fs=1,SKINNENDE营养健康旗舰店
【徽味情】新疆红杏干杏脯500g吊干杏杏肉树上酸杏子零食罐装果脯蜜饯 杏干精品罐装500g,36.80,500,https://item.m.jd.com/product/10035510079278.html?_fd=jdm&amp;price=36.80&amp;fs=1,徽味情官方旗舰店
新疆特产吊杏干树上吊死杏脯杏肉原味酸甜零食杏肉干杏子干 高级500克 (纯甜),62.50,6,https://item.m.jd.com/product/10028203802413.html?_fd=jdm&amp;price=62.50&amp;fs=1,明讯曼威食品专营店
新疆库车小白杏干 半斤 新疆2021新货特级库车小白杏干超甜无添加树上杏干吊死干 一斤g,29.90,0,https://item.m.jd.com/product/10037927449284.html?_fd=jdm&amp;price=29.90&amp;fs=1,福林奥胜方便食品专营店
无核杏干新疆杏脯吊干树上干杏子肉蜜饯果脯酸甜儿童孕妇零食 杏干2斤/1000克(4袋),90.44,6,https://item.m.jd.com/product/10033212914469.html?_fd=jdm&amp;price=90.44&amp;fs=1,沃之阁零食专营店
新疆阿克苏四团吊干杏树上杏干可一杏两吃天然500g吊死干原味杏包仁 小杏干200g(试吃装),25.00,22,https://item.m.jd.com/product/10028015940319.html?_fd=jdm&amp;price=25.00&amp;fs=1,谦钰零食专营店
新疆特产伊犁树上干杏天然无自然风干杏两吃的杏干500g1 特级1000g,110.00,41,https://item.m.jd.com/product/71743582073.html?_fd=jdm&amp;price=110.00&amp;fs=1,班之宇食品专营店
【奎屯馆】新疆特产有机树上干杏吊干杏 伊杏皇果苑吊死杏干办公室休闲零食果干 208g/袋 1袋装,19.90,200,https://item.m.jd.com/product/56093680891.html?_fd=jdm&amp;price=19.90&amp;fs=1,中国特产·奎屯馆
【乌鲁木齐馆】新疆阿克苏吊干杏 吊死干杏子 小红杏 杏干 袋装 蜜饯果干 干果零食 500g*5袋,148.00,100,https://item.m.jd.com/product/10036663318027.html?_fd=jdm&amp;price=148.00&amp;fs=1,中国特产·乌鲁木齐馆
【乌鲁木齐馆】新疆阿克苏吊干杏 吊死干杏子 小红杏 杏干 袋装 蜜饯果干 干果零食 500g*1袋,39.90,100,https://item.m.jd.com/product/10036663318024.html?_fd=jdm&amp;price=39.90&amp;fs=1,中国特产·乌鲁木齐馆
西域皇后奶枣 奶枣西域皇后奶枣500g网红奶酪枣夹心枣牛奶红枣夹杏仁新疆 【含巴旦木仁】奶枣500g*5包,288.00,22,https://item.m.jd.com/product/10035422752764.html?_fd=jdm&amp;price=288.00&amp;fs=1,迈芙休闲食品旗舰店
21年新货新疆树上杏干吊干杏特产500克真空包装原味不加糖原生态兵团四团一杏两吃肉甜糯劲道仁香脆 四团杏干500克*1袋（真空包装）,39.80,37,https://item.m.jd.com/product/10038189326829.html?_fd=jdm&amp;price=39.80&amp;fs=1,沙漠玉珠旗舰店
新疆伊犁四团吊干杏树上杏干500g吊死干原味 小杏干500g,32.80,61,https://item.m.jd.com/product/68773032082.html?_fd=jdm&amp;price=32.80&amp;fs=1,爱美佳食品专营店
【满299 减200】西域美农 树上杏干200g/袋 新疆特产 蜜饯果干休闲零食 树上杏干,34.90,200,https://item.m.jd.com/product/10025347543900.html?_fd=jdm&amp;price=34.90&amp;fs=1,西域美农官方旗舰店
新疆吊干杏四团树上吊死干杏干特级农家天然吊树杏子干杏仁 特级吊干杏500克/包x2,119.20,0,https://item.m.jd.com/product/10030145745978.html?_fd=jdm&amp;price=119.20&amp;fs=1,双田作食品专营店
新疆特产四团杏干天然晒原味吊干杏新鲜散装无蔗糖吊干杏 特级吊干杏500克x1包,48.35,10,https://item.m.jd.com/product/71315252351.html?_fd=jdm&amp;price=48.35&amp;fs=1,义和祥食品专营店
果脯蜜饯散装500g酸甜话梅杨梅果干混合孕妇休闲零食小包装 新疆玉杏500g,39.00,0,https://item.m.jd.com/product/64424891959.html?_fd=jdm&amp;price=39.00&amp;fs=1,食代味哆食品专营店
新疆特产酸甜甘草杏果脯杏肉干有核杏干蜜饯杏脯休闲网红零食水果干小袋装 甘草杏180g*3,54.90,200,https://item.m.jd.com/product/10030893595998.html?_fd=jdm&amp;price=54.90&amp;fs=1,中国特产·喀什馆
【乌鲁木齐馆】新疆网红奶枣巴旦木夹心杏仁大枣 奶酪红枣 独立包装袋装 方便零食新货 奶酪泡芙枣 500g,48.00,87,https://item.m.jd.com/product/10035628054952.html?_fd=jdm&amp;price=48.00&amp;fs=1,中国特产·乌鲁木齐馆
吊干杏干不添加然天新疆特产2021年新货特树上干杏脯级新疆杏干 今年新货/味天然/真空装/不加糖,99.00,1,https://item.m.jd.com/product/10040288261147.html?_fd=jdm&amp;price=99.00&amp;fs=1,茜桂休闲零食专营店
【和田馆】新疆特产禾田印象树上杏干300g/罐 尝鲜装300g*1罐,49.90,1,https://item.m.jd.com/product/10039946961757.html?_fd=jdm&amp;price=49.90&amp;fs=1,和田印象生鲜专营店
幸福英吉沙杏干 色买提杏脯 蜜饯果干杏肉 杏仁 新疆特产办公休闲小零食多品种营养健康 英吉沙杏脯,42.90,13,https://item.m.jd.com/product/10026238898044.html?_fd=jdm&amp;price=42.90&amp;fs=1,中国特产·新疆农特产馆
新疆特产酸甜甘草杏果脯杏肉干有核杏干蜜饯杏脯休闲网红零食水果干小袋装 甘草杏180g,19.90,200,https://item.m.jd.com/product/10029211456567.html?_fd=jdm&amp;price=19.90&amp;fs=1,中国特产·喀什馆
新疆杏干伊犁吊死干杏干无添加天然特级自然风干树上干杏新疆特产 杏干1000g袋装,68.00,2,https://item.m.jd.com/product/10039495492026.html?_fd=jdm&amp;price=68.00&amp;fs=1,阿克苏麦巴夫食品专营店
杏干新货2斤树上干杏天然晾晒新鲜新疆特产吊干杏 二级新货一斤,37.00,5,https://item.m.jd.com/product/67680413025.html?_fd=jdm&amp;price=37.00&amp;fs=1,采瑞园艺专营店
新疆吊干杏 新货新疆特产兵团四团吊干杏新鲜树上干甜杏脯风干 王级1斤,58.00,2,https://item.m.jd.com/product/10040866779057.html?_fd=jdm&amp;price=58.00&amp;fs=1,城宇地方特产专营店
杏干新货2斤树上干杏天然晾晒新鲜新疆特产吊干杏 特级新货2斤(店主),90.00,5,https://item.m.jd.com/product/67680413029.html?_fd=jdm&amp;price=90.00&amp;fs=1,采瑞园艺专营店
新疆色买提杏 新疆色买提甜杏干500g袋装果肉肥厚休闲零食大杏干 500g喀什甜杏干*1袋,38.00,0,https://item.m.jd.com/product/71569988246.html?_fd=jdm&amp;price=38.00&amp;fs=1,久多食品专营店
【破损包赔】思宏奶酪枣网红零食酸奶雪花枣巴旦木夹心红枣杏仁手工新疆奶芙枣 巴旦木夹心奶枣250g-单粒包装,22.90,200,https://item.m.jd.com/product/10026099166394.html?_fd=jdm&amp;price=22.90&amp;fs=1,子航食品专营店
馋妃 新疆杏干 树上干杏500g 天然级无添加四团吊干杏 吊死杏干 特产新货 一等2斤（21年新货不加糖,56.80,100,https://item.m.jd.com/product/10040601084870.html?_fd=jdm&amp;price=56.80&amp;fs=1,中国特产·特克斯助农馆
利吉氏金杏干利金杏干吉氏甜杏果干酸酸甜甜g*6袋装零食 利吉氏金杏干100g*3袋g,57.30,32,https://item.m.jd.com/product/10038145329064.html?_fd=jdm&amp;price=57.30&amp;fs=1,翔京旗舰店
新疆红杏干果脯蜜钱吊干杏果干杏子杏肉杏脯干条偏酸甜散装 杏干半斤/250克(1袋)【净含量】,23.40,0,https://item.m.jd.com/product/10040303911801.html?_fd=jdm&amp;price=23.40&amp;fs=1,佳优休闲食品专营店
杏干500g新疆吊干杏脯杏肉天然酸甜果干蜜饯零食 精品罐装大杏干 净重250g,23.00,2000,https://item.m.jd.com/product/10024303407219.html?_fd=jdm&amp;price=23.00&amp;fs=1,中国特产·邛崃助农馆
土耳其杏干19年新货特级杏肉干天然晾晒新鲜新疆吊干杏脯 500g 500g-黄杏脯,64.00,0,https://item.m.jd.com/product/70794745884.html?_fd=jdm&amp;price=64.00&amp;fs=1,沫娅娜糕点专营店
新疆特产黑杏干酸甜果干原味无添加杏肉吊干杏脯果脯蜜饯孕妇零食 黑杏干250g【特级】,40.00,98,https://item.m.jd.com/product/10032120851257.html?_fd=jdm&amp;price=40.00&amp;fs=1,沃之阁休闲食品专营店
杏干土耳其进口500g原味无核无添加红杏干黄杏干黑杏干新疆杏肉杏脯 红杏干 250g 共一包,19.90,5000,https://item.m.jd.com/product/45867693911.html?_fd=jdm&amp;price=19.90&amp;fs=1,添霖食品专营店
大漠野宝  小白杏干新疆库车吊树干500g杏干原味无添加杏脯杏肉干果 2罐装,49.90,1000,https://item.m.jd.com/product/44789507260.html?_fd=jdm&amp;price=49.90&amp;fs=1,大漠野宝旗舰店
丝绸果路 新疆黑杏干树上吊干大黑杏干大丑杏干果干500g,38.22,0,https://item.m.jd.com/product/10039551573935.html?_fd=jdm&amp;price=38.22&amp;fs=1,旺悦莱休闲食品专营店
大漠野宝 杏干无核无添加杏脯黑杏脯特级大黑杏干500g原色原味新疆土耳其杏干,39.80,2000,https://item.m.jd.com/product/44579308695.html?_fd=jdm&amp;price=39.80&amp;fs=1,大漠野宝旗舰店
西域果园新疆杏包仁120g三包杏干夹核桃仁抱抱果大漠马卡龙英吉沙杏干夹和田核桃仁休闲零食 杏包仁120g,21.90,5000,https://item.m.jd.com/product/67359091478.html?_fd=jdm&amp;price=21.90&amp;fs=1,西域果园地方特产旗舰店
杏干土耳其进口500g原味无核无添加红杏干黄杏干黑杏干新疆杏肉杏脯 黑杏干 250g*4 共四包,79.90,5000,https://item.m.jd.com/product/45867693910.html?_fd=jdm&amp;price=79.90&amp;fs=1,添霖食品专营店
甘草杏 甘草杏肉独立小包装阿梅肉杏脯蜜饯杏条新疆杏干 混合口味500克,20.28,2,https://item.m.jd.com/product/10036616924156.html?_fd=jdm&amp;price=20.28&amp;fs=1,靖南王营养保健旗舰店
枣粮先生 奶枣网红休闲健康零食无杏仁乳心新疆红枣奶芙 无核奶枣125g*2/箱,24.90,16,https://item.m.jd.com/product/10040108030223.html?_fd=jdm&amp;price=24.90&amp;fs=1,枣粮先生旗舰店
甘草杏 甘草杏肉独立小包装阿梅肉杏脯蜜饯杏条新疆杏干 阿梅肉500克(无核)g,21.00,15,https://item.m.jd.com/product/10038263499119.html?_fd=jdm&amp;price=21.00&amp;fs=1,SKINNENDE营养健康旗舰店
新鲜西梅 5斤李子大果新疆喀什正宗西梅孕妇水果宝宝辅食布林李子 精选大果 净重1斤【精选装】,42.50,500,https://item.m.jd.com/product/10034854901823.html?_fd=jdm&amp;price=42.50&amp;fs=1,内瑟斯生鲜专营店
品甄 新疆库车小白杏干今年新货树上吊干杏无添加特级500g果脯干果 500g精选,59.90,200,https://item.m.jd.com/product/10034004869323.html?_fd=jdm&amp;price=59.90&amp;fs=1,御峥生鲜专营店
【巴州馆】新疆特产树上杏干 四团吊干杏 干果蜜饯新货休闲零食果脯 超特级吊干杏（500g*2袋）,78.00,88,https://item.m.jd.com/product/10033787825813.html?_fd=jdm&amp;price=78.00&amp;fs=1,中国特产·巴州馆
阳高杏脯250g山西特产大同杏埔散装酸甜杏肉非新疆天然无杏干 水晶杏脯半斤(纯甜),31.00,0,https://item.m.jd.com/product/65738063095.html?_fd=jdm&amp;price=31.00&amp;fs=1,班之宇食品饮料专营店
新疆树上吊干杏干新鲜天然杏脯500g*2酸红杏肉干蜜饯零食 500g,37.80,4,https://item.m.jd.com/product/64222641871.html?_fd=jdm&amp;price=37.80&amp;fs=1,五分地食品专营店
新疆吊干杏干500g新鲜天然无无核非李广敦煌特级土耳其杏干 【大号黑杏脯】500g*1袋(高) 强烈推荐,86.00,20,https://item.m.jd.com/product/71743923699.html?_fd=jdm&amp;price=86.00&amp;fs=1,班之宇食品专营店
伊梨果丹皮 诗梦园新疆伊犁老式果丹皮小时候的味道酸甜苹果杏子 杏子200克装,27.60,4,https://item.m.jd.com/product/10037461595512.html?_fd=jdm&amp;price=27.60&amp;fs=1,嘉瓯聚品旗舰店
新疆吊干杏干500g新鲜天然无无核非李广敦煌特级土耳其杏干 【大号黑杏脯】100g*3袋(口碑见证),62.00,20,https://item.m.jd.com/product/71743923700.html?_fd=jdm&amp;price=62.00&amp;fs=1,班之宇食品专营店
【徽味情】新疆红杏干杏脯500g吊干杏杏肉树上酸杏子零食罐装果脯蜜饯 杏干精品罐装250g,19.80,500,https://item.m.jd.com/product/10035510079279.html?_fd=jdm&amp;price=19.80&amp;fs=1,徽味情官方旗舰店
【广东助农馆】丝路红 新疆红杏干 杏肉树上酸杏子孕妇零食果脯蜜饯 精品杏干新疆杏肉180g*2罐 新疆杏肉180g*2袋,58.90,18,https://item.m.jd.com/product/10025553730225.html?_fd=jdm&amp;price=58.90&amp;fs=1,中国特产·广东助农馆
星云湖 新疆轮台小白杏干 吊死干树上干自然风干 2kg,158.00,100,https://item.m.jd.com/product/19281086473.html?_fd=jdm&amp;price=158.00&amp;fs=1,蝶本生鲜专营店
新疆红杏干无核500g杏仁果脯罐装酸甜杏儿肉蜜饯零食小吃 新货罐装红杏干1000g,74.00,7,https://item.m.jd.com/product/10036179393178.html?_fd=jdm&amp;price=74.00&amp;fs=1,格诗休闲食品专营店
土耳其黄杏干特级酸甜杏脯杏干500g新疆特产杏肉干孕妇天然无1 黄杏脯500g*2袋,134.00,0,https://item.m.jd.com/product/71504317695.html?_fd=jdm&amp;price=134.00&amp;fs=1,班之宇食品饮料专营店
新疆特产伊犁树上杏干吊死干杏脯干杏肉500g,68.00,1,https://item.m.jd.com/product/10039983006139.html?_fd=jdm&amp;price=68.00&amp;fs=1,浩味稻旗舰店
新疆杏干吊干树上黄杏干特产轮台小白杏干杏干天然零食 250g,23.60,4,https://item.m.jd.com/product/10030766352637.html?_fd=jdm&amp;price=23.60&amp;fs=1,敏润彩弘食品专营店
新疆特产伊犁树上杏干自然吊死干杏肉杏仁一杏两吃500g杏脯干 500克,65.00,1,https://item.m.jd.com/product/70781663472.html?_fd=jdm&amp;price=65.00&amp;fs=1,沫娅娜熟食卤味专营店
新疆特产酸甜甘草杏果脯杏肉干有核杏干蜜饯杏脯休闲网红零食水果干小袋装 甘草杏180g*3+杏脯160g*2,72.90,200,https://item.m.jd.com/product/10029211456569.html?_fd=jdm&amp;price=72.90&amp;fs=1,中国特产·喀什馆
新疆特产树上干杏吊干杏 500g/袋 阿克苏吊死杏干办公室休闲零食果干 伊犁树上干杏丑杏 一级吊干杏500g*2袋,39.80,57,https://item.m.jd.com/product/10031107217966.html?_fd=jdm&amp;price=39.80&amp;fs=1,中国特产·新疆兵团一二六团馆
【顺丰】2021新货 新疆大吊干杏新疆特产500g树上杏干杏脯干新货 500g 吊干杏1000g特级,89.80,11,https://item.m.jd.com/product/10025164137322.html?_fd=jdm&amp;price=89.80&amp;fs=1,爱果水果专营店
正宗新疆和田大枣特级大红枣批发玉骏枣非加工1斤3斤5斤新货 精选和田大枣【2斤装】,20.88,5,https://item.m.jd.com/product/10037847151950.html?_fd=jdm&amp;price=20.88&amp;fs=1,苏亚特产专营店
新疆特产杏包仁土耳其黑杏脯夹阿克苏核桃仁500g 500克/袋,59.00,37,https://item.m.jd.com/product/10024998813857.html?_fd=jdm&amp;price=59.00&amp;fs=1,爱果生鲜专营店
品甄 新疆库车小白杏干今年新货树上吊干杏无添加特级500g果脯干果 250g-新客尝鲜装,49.90,200,https://item.m.jd.com/product/10034004869322.html?_fd=jdm&amp;price=49.90&amp;fs=1,御峥生鲜专营店
新疆无核大红枣 去核干大枣即食免洗干果蜜饯果干小零食网红奶枣专用夹大杏仁巴旦木原料烘焙 新疆去核大枣500g+扁桃仁100g,22.80,100,https://item.m.jd.com/product/10024747462000.html?_fd=jdm&amp;price=22.80&amp;fs=1,北爱亿达食品专营店
【现货速发】小小的我甜杏肉40g/包 新疆特产英吉沙色买提甜杏西肉梅果干果脯营养代餐办公室休闲食品 杏肉礼盒320g+西梅礼盒480g,155.00,500,https://item.m.jd.com/product/10027158276939.html?_fd=jdm&amp;price=155.00&amp;fs=1,优乐德旗舰店
杏干杏脯500g黄杏干无果脯新疆添加杏仁肉干酸甜果干蜜饯零食 精品杏干净含量250g*2袋,51.00,8,https://item.m.jd.com/product/10028916774421.html?_fd=jdm&amp;price=51.00&amp;fs=1,月染银墙食品专营店
新疆阿克苏四团吊干杏树上杏干可一杏两吃天然500g吊死干原味杏包仁 大杏干500g*2袋,73.00,22,https://item.m.jd.com/product/10028015940318.html?_fd=jdm&amp;price=73.00&amp;fs=1,谦钰零食专营店
新疆伊犁四团吊干杏树上杏干500g吊死干原味杏包仁 小杏干500g,32.00,4,https://item.m.jd.com/product/10033308745976.html?_fd=jdm&amp;price=32.00&amp;fs=1,客瑯堂方便食品专营店
巴旦木奶枣 网红款奶油杏仁奶枣 纯手工枣有杏心奶酪新疆无核红枣 250g*两箱,29.90,16,https://item.m.jd.com/product/10026769369456.html?_fd=jdm&amp;price=29.90&amp;fs=1,品乐轩零食专营店
新疆特产库车小白甜杏干树上杏干零食干杏肉500g新货一杏两吃200g 白杏干3斤,57.00,3,https://item.m.jd.com/product/10038514533398.html?_fd=jdm&amp;price=57.00&amp;fs=1,星屹食品专营店
新疆特产树上干杏 吊死杏干 420g杏干 420g,28.00,200,https://item.m.jd.com/product/10026992514844.html?_fd=jdm&amp;price=28.00&amp;fs=1,中国特产·新疆兵团馆
银杏果新鲜白果仁去壳真空保鲜包装500g邳州特产特级开心银杏果仁 1000g(2斤保鲜真空包装),11.98,36,https://item.m.jd.com/product/10037368802236.html?_fd=jdm&amp;price=11.98&amp;fs=1,鑫天星生鲜专营店
【天山风味】新疆天山无核杏干软糯酸甜滋润心田120g/袋 买4加3 7大袋 默认,125.10,10,https://item.m.jd.com/product/10038599692986.html?_fd=jdm&amp;price=125.10&amp;fs=1,睿馨休闲食品专营店
新一代奶油杏肉甘草杏肉杏干酸甜杏脯怀旧甘肃特产小吃零食 无核-奶油杏肉500g/约40小包 1袋-尝鲜装,20.00,1,https://item.m.jd.com/product/10041227300527.html?_fd=jdm&amp;price=20.00&amp;fs=1,娂诗漫食品旗舰店
腾飞荣达新疆吊干杏一杏两吃树上杏干休闲零食酸蜜饯果脯散装500g 新疆吊干杏500克【1斤】,47.00,1,https://item.m.jd.com/product/10039671550306.html?_fd=jdm&amp;price=47.00&amp;fs=1,亘远地方特产专营店
新疆阿克苏四团吊干杏树上杏干可一杏两吃天然500g吊死干原味杏包仁 大杏干500g,44.00,22,https://item.m.jd.com/product/10028015940316.html?_fd=jdm&amp;price=44.00&amp;fs=1,谦钰零食专营店
新疆恐龙蛋阿克苏特产味厚黑皮黄肉现摘新鲜水果黑布林杏李子3斤礼盒装  【顺丰】 3斤礼盒装 12/15枚随机发,188.00,1,https://item.m.jd.com/product/10039056677462.html?_fd=jdm&amp;price=188.00&amp;fs=1,西江月果蔬专营店
新疆2020新货库车小白杏干超甜吊死干500g 500克,75.00,2,https://item.m.jd.com/product/70528061184.html?_fd=jdm&amp;price=75.00&amp;fs=1,申博食品专营店
新疆特产有机树上干杏吊干杏 伊杏皇吊死干杏干办公室休闲零食果干果脯 208g/袋 1袋装,19.80,47,https://item.m.jd.com/product/70656655258.html?_fd=jdm&amp;price=19.80&amp;fs=1,中国特产·新疆兵团一二六团馆
【北屯馆】疆晟缘 奶枣500g 杏仁夹心枣  新疆大红枣灰枣夹巴旦木仁 （含巴旦木仁）枣有杏心500g/份,59.90,1000,https://item.m.jd.com/product/10024721932129.html?_fd=jdm&amp;price=59.90&amp;fs=1,中国特产·北屯馆
黄金田园 土耳其杏干天然杏脯非新疆树上干杏无核特级杏肉非散装 200g/袋 尝鲜装200*1袋,18.90,2000,https://item.m.jd.com/product/60596627098.html?_fd=jdm&amp;price=18.90&amp;fs=1,黄金田园食品官方旗舰店
新疆特产2021年新货吊干杏500g一杏两吃自然风干蜜饯休闲零食果脯 新疆杏干500g（不加糖+原生态）,29.80,2000,https://item.m.jd.com/product/10026477913882.html?_fd=jdm&amp;price=29.80&amp;fs=1,中国特产·特克斯助农馆
新边界 新疆红杏干400g 蜜饯果干果脯水果干办公室零食休闲零食小吃,29.90,200000,https://item.m.jd.com/product/100025250416.html?_fd=jdm&amp;price=29.90&amp;fs=1,新边界京东自营旗舰店
话梅肉去核/无核 酸甜杏肉干特产蜜饯零食 关注店铺优先发货,17.35,0,https://item.m.jd.com/product/10041054745426.html?_fd=jdm&amp;price=17.35&amp;fs=1,美剧猫旗舰店
诗梦园 伊犁杏子果丹皮 儿时怀旧老手工零食 新疆特产杏子片杏子卷杏子条酸甜爽口 杏子360g*1盒,32.00,100,https://item.m.jd.com/product/51389117712.html?_fd=jdm&amp;price=32.00&amp;fs=1,祥如食品专营店
正宗新疆和田大枣大红枣批发玉骏枣非加工1斤3斤5斤新货 精选和田大枣【3斤装】,28.90,1000,https://item.m.jd.com/product/10032934214012.html?_fd=jdm&amp;price=28.90&amp;fs=1,敏润彩弘食品专营店
西域美农 树上杏干200g 新疆特产酸甜吊干红杏 无防腐剂无添加砂糖 孕妇解腻干果脯办公零食,19.90,20000,https://item.m.jd.com/product/100024593490.html?_fd=jdm&amp;price=19.90&amp;fs=1,西域美农京东自营旗舰店
【顺丰空运】新疆特产树上杏干500g*3袋新疆吊干杏李广杏干树上杏干新疆特产 树上杏干 500g*3包,89.90,75,https://item.m.jd.com/product/67642625694.html?_fd=jdm&amp;price=89.90&amp;fs=1,好爱吃休闲食品专营店
【巴州馆】新疆特产树上杏干 四团吊干杏 干果蜜饯新货休闲零食果脯 特级吊干杏（500g*2袋）,68.00,88,https://item.m.jd.com/product/10033787825811.html?_fd=jdm&amp;price=68.00&amp;fs=1,中国特产·巴州馆
【新疆特产】西遇三山记树上杏干360g罐装原粒杏干伊犁吊死干零食,39.90,10,https://item.m.jd.com/product/10031840041603.html?_fd=jdm&amp;price=39.90&amp;fs=1,西域果园地方特产旗舰店
新疆特产酸甜甘草杏果脯杏肉干有核杏干蜜饯杏脯休闲网红零食水果干小袋装 杏脯160g*2,25.90,200,https://item.m.jd.com/product/10028373273636.html?_fd=jdm&amp;price=25.90&amp;fs=1,中国特产·喀什馆
亚可喜精品酸甜杏脯120g*3包红杏干甘草杏肉蜜饯果干零食新疆特产 酸甜偏甜,26.90,100,https://item.m.jd.com/product/15964315065.html?_fd=jdm&amp;price=26.90&amp;fs=1,亚可喜食品旗舰店
丝路红 新疆特产 杏肉（罐装）180g,29.20,100,https://item.m.jd.com/product/10023769220617.html?_fd=jdm&amp;price=29.20&amp;fs=1,丝路红官方旗舰店
新疆特产杏干 树上干吊干杏没有添加剂250g*2袋赛天然吊死干 大颗粒无添加无熏制(一杏两吃)吊干杏250g*2袋,50.00,11,https://item.m.jd.com/product/57007520721.html?_fd=jdm&amp;price=50.00&amp;fs=1,空间之锋园艺专营店
新疆伊犁四团吊干杏树上杏干500g吊死干原味 大杏干500g,39.90,61,https://item.m.jd.com/product/68773032083.html?_fd=jdm&amp;price=39.90&amp;fs=1,爱美佳食品专营店
杏干500g新疆吊干杏脯杏肉天然酸甜果干蜜饯零食 精品罐装大杏干 净重500g,36.80,2000,https://item.m.jd.com/product/10024303407220.html?_fd=jdm&amp;price=36.80&amp;fs=1,中国特产·邛崃助农馆
【奎屯馆】新疆伊犁果丹皮 380g/盒 苹果杏子树莓卷零食果干办公室小吃儿时怀旧酸甜爽口开胃 苹果380g+杏子380g,52.80,76,https://item.m.jd.com/product/70012858689.html?_fd=jdm&amp;price=52.80&amp;fs=1,中国特产·奎屯馆
2021新疆阿克苏吊干杏1000g 天然四团杏干,68.00,13,https://item.m.jd.com/product/71043426964.html?_fd=jdm&amp;price=68.00&amp;fs=1,悦然生鲜专营店
新疆恐龙蛋黄肉  味厚味帝34斤特级大果空运应季当季新鲜水果孕妇杏李李子时令平安夜送礼品水果礼盒礼物 3斤中果,156.50,19,https://item.m.jd.com/product/10036720068914.html?_fd=jdm&amp;price=156.50&amp;fs=1,田良记官方旗舰店
诗梦园 伊犁果丹皮（苹果/杏子/树莓4种口味）儿时怀旧零食 新疆特产老式手工果脯条片 树莓360g,39.00,500,https://item.m.jd.com/product/63441946750.html?_fd=jdm&amp;price=39.00&amp;fs=1,祥如食品专营店
新疆特产树上干杏 蜜饯果干大杏干 伊犁吊死干零食果干 原味自然风干杏肉送礼佳品 杏干500g/袋,39.00,40,https://item.m.jd.com/product/10023481765161.html?_fd=jdm&amp;price=39.00&amp;fs=1,恒滋冠食品专营店
新疆杏干伊犁吊死干杏干天然自然风干树上干杏新疆特产 2斤【超惠装】,93.00,8,https://item.m.jd.com/product/57007489500.html?_fd=jdm&amp;price=93.00&amp;fs=1,空间之锋园艺专营店
5折 新疆无花果干连罐500g无花果泡水喝孕妇干果果干特产50g批发零食 【小袋锁鲜】无花果干50g*2袋,11.00,100,https://item.m.jd.com/product/10021898959490.html?_fd=jdm&amp;price=11.00&amp;fs=1,杏寻宣食品专营店
新疆特产黑杏干酸甜果干原味无添加杏肉吊干杏脯果脯蜜饯孕妇零食 黑杏干500g【特级】,66.00,98,https://item.m.jd.com/product/10032120851259.html?_fd=jdm&amp;price=66.00&amp;fs=1,沃之阁休闲食品专营店
5折新疆杏干 干杏晾晒特产杏干 吊干杏500克1袋,67.00,2,https://item.m.jd.com/product/10029302029687.html?_fd=jdm&amp;price=67.00&amp;fs=1,航宇鑫达特产专营店
新疆特产黑杏干酸甜果干原味无添加杏肉吊干杏脯果脯蜜饯孕妇零食 黑杏干500g【一级】,54.80,42,https://item.m.jd.com/product/10031430779326.html?_fd=jdm&amp;price=54.80&amp;fs=1,聚盛康食品专营店
新疆吊干杏新鲜吊死干树上杏干农家500g天然2斤 新疆吊干杏500g,77.00,200,https://item.m.jd.com/product/56452218980.html?_fd=jdm&amp;price=77.00&amp;fs=1,空间之锋农资专营店
简农杏干 120g 【简农新疆无核杏干】2021新品新疆特产杏干休闲小零食 120g*4,84.80,1,https://item.m.jd.com/product/10039827942382.html?_fd=jdm&amp;price=84.80&amp;fs=1,百越零食专营店
5折 宏泰记蜜饯杨梅陈皮话梅加应子芒果乌梅整袋2500克零食5斤 新疆玉杏(整袋5斤),123.50,0,https://item.m.jd.com/product/69298004650.html?_fd=jdm&amp;price=123.50&amp;fs=1,初然食品专营店
李广杏干甘肃敦煌/新疆特产杏皮水原料新鲜杏子带核,53.00,13,https://item.m.jd.com/product/71452470258.html?_fd=jdm&amp;price=53.00&amp;fs=1,聚公茂休闲食品专营店
杏脯夹核桃仁土耳其大黑杏夹纸皮核桃仁杏包核桃新疆杏福恋仁,90.00,0,https://item.m.jd.com/product/10031932034126.html?_fd=jdm&amp;price=90.00&amp;fs=1,东业食品专营店
【乌鲁木齐馆】新疆网红奶枣巴旦木夹心杏仁大枣 奶酪红枣 独立包装袋装 方便零食新货 奶酪泡芙枣 1000g,78.00,87,https://item.m.jd.com/product/10035628054953.html?_fd=jdm&amp;price=78.00&amp;fs=1,中国特产·乌鲁木齐馆
西域皇后奶枣 奶枣西域皇后奶枣500g网红奶酪枣夹心枣牛奶红枣夹杏仁新疆 【含巴旦木仁】奶枣500g*2包,121.00,22,https://item.m.jd.com/product/10035422752763.html?_fd=jdm&amp;price=121.00&amp;fs=1,迈芙休闲食品旗舰店
【现货速发】小小的我甜杏肉40g/包 新疆特产英吉沙色买提甜杏西肉梅果干果脯营养代餐办公室休闲食品 西梅干袋装【40g*6包】,36.90,500,https://item.m.jd.com/product/10025519568471.html?_fd=jdm&amp;price=36.90&amp;fs=1,优乐德旗舰店
新疆小白杏干库车甜杏干树上干杏无添加 【新疆小白杏干】半斤装,29.00,200,https://item.m.jd.com/product/65009851333.html?_fd=jdm&amp;price=29.00&amp;fs=1,晓器猴食品专营店
简农无核杏干新疆特产杏干休闲小零食 原味,39.10,1,https://item.m.jd.com/product/10034728874432.html?_fd=jdm&amp;price=39.10&amp;fs=1,强豪营养保健旗舰店
5折新疆杏肉500g甘草杏无核大杏干酸甜杏脯小袋蜜饯果干 500g,50.00,1,https://item.m.jd.com/product/10029924523676.html?_fd=jdm&amp;price=50.00&amp;fs=1,亚维食品专营店
新疆特产干果 原味吊死杏干 一杏两吃 休闲小零食 420g（袋装）,24.00,500,https://item.m.jd.com/product/62290709491.html?_fd=jdm&amp;price=24.00&amp;fs=1,中国特产·霍尔果斯馆
【沙漠玉珠】21年新货新疆特产大杏干无核黑杏干杏肉零食自然原味500g果干不加糖香甜软糯肉厚劲道 新疆无核大杏干500克*1袋,43.80,500,https://item.m.jd.com/product/39658802188.html?_fd=jdm&amp;price=43.80&amp;fs=1,沙漠玉珠旗舰店
阿克苏小白杏干散装吊干杏天然树上吊死干杏脯零食新疆特产 精选库车小白杏干【1000克】,48.05,22,https://item.m.jd.com/product/10026947105162.html?_fd=jdm&amp;price=48.05&amp;fs=1,义和祥食品专营店
新疆特产土耳其黄杏脯 大黑杏干 无核杏肉厚 黑黄组合500g,45.00,100,https://item.m.jd.com/product/32062068748.html?_fd=jdm&amp;price=45.00&amp;fs=1,乐图生鲜专营店
吊干杏干1000g无添加天然新疆特产2021年新货树上干杏脯新疆杏干 新疆杏干500g,29.90,200,https://item.m.jd.com/product/10027321415101.html?_fd=jdm&amp;price=29.90&amp;fs=1,中国特产·北屯馆
【每果时光】新疆红杏干500g大片杏脯杏肉儿童孕妇零食休闲小吃蜜饯果干水果脯蔬果干  【2斤酸甜可口】净含量：250g*4包,54.00,1000,https://item.m.jd.com/product/10029095874437.html?_fd=jdm&amp;price=54.00&amp;fs=1,锦玥食品专营店
简农古树杏干新疆无核杏干新品新疆特产杏干休闲小零食120gX4包 8包简农无核杏干(8*120g),122.56,7,https://item.m.jd.com/product/10037212711803.html?_fd=jdm&amp;price=122.56&amp;fs=1,娘舅家旗舰店
新鲜新疆吊干杏500g 四团树上吊干杏肉蜜饯果脯 天然杏干休闲零食真空包装阿克苏农家特产 树上干杏500g,42.80,64,https://item.m.jd.com/product/10036310065144.html?_fd=jdm&amp;price=42.80&amp;fs=1,聚沐食品专营店
腾飞荣达新疆杏肉500g甘草杏核大杏干酸甜杏脯小袋装蜜饯果 腾飞新疆杏肉500g,46.00,20,https://item.m.jd.com/product/10027568980061.html?_fd=jdm&amp;price=46.00&amp;fs=1,柏奈儿官方旗舰店
黑杏干杏脯天然无添加无糖散装非新疆特产酸甜树上吊死干 超大无核黑杏干500克,65.66,4,https://item.m.jd.com/product/10030856516822.html?_fd=jdm&amp;price=65.66&amp;fs=1,涵宇通零食专营店
5折 新疆杏干树上干杏级四团吊干杏吊死杏干500g特产新货 四团吊干杏500g/袋x2【掌柜】,226.00,9,https://item.m.jd.com/product/10027849380330.html?_fd=jdm&amp;price=226.00&amp;fs=1,辰浩食品专营店
新疆新红杏干 核 1g杏脯果脯罐装酸甜杏子蜜饯零食班房  食品 新货罐装红杏干1000g,80.20,4,https://item.m.jd.com/product/10029694635491.html?_fd=jdm&amp;price=80.20&amp;fs=1,班房食品专营店
新货新疆杏干伊犁天然吊干杏1000g 小吊干杏2斤,80.00,500,https://item.m.jd.com/product/56452204458.html?_fd=jdm&amp;price=80.00&amp;fs=1,空间之锋农资专营店
新货新疆吊干杏四团树上吊死干杏干特级无添加农家天然阿克苏 中果吊干杏500克/包x2,104.00,200,https://item.m.jd.com/product/72182142051.html?_fd=jdm&amp;price=104.00&amp;fs=1,倪芳食品专营店
幸福英吉沙杏干 色买提杏脯 蜜饯果干杏肉 杏仁 新疆特产办公休闲小零食多品种营养健康 英吉沙蜜饯杏肉,42.90,13,https://item.m.jd.com/product/10026238898043.html?_fd=jdm&amp;price=42.90&amp;fs=1,中国特产·新疆农特产馆
新疆阿克苏四团吊干杏树上杏干可一杏两吃无添加天然500g吊死干原味杏包仁 小杏干200g(试吃装),25.00,22,https://item.m.jd.com/product/10031100883748.html?_fd=jdm&amp;price=25.00&amp;fs=1,红宇零食专营店
【2021新货 顺丰】新疆杏干 树上干杏 阿克苏吊干杏干 小红杏干新疆特产零食 吊干杏干500g,49.00,44,https://item.m.jd.com/product/10026715883205.html?_fd=jdm&amp;price=49.00&amp;fs=1,爱果生鲜专营店
果业吊死杏干500g新疆吊干杏零食特产带核杏肉,42.00,0,https://item.m.jd.com/product/70781816131.html?_fd=jdm&amp;price=42.00&amp;fs=1,沫娅娜熟食卤味专营店
新疆特产四团吊干杏500g 拒绝琉熏树上吊干杏干天然 一级2袋,70.40,1000,https://item.m.jd.com/product/69213978210.html?_fd=jdm&amp;price=70.40&amp;fs=1,谛卡洛食品专营店
黄杏干酸甜杏脯杏干新疆特产杏肉干无500g 土耳其--黑杏脯500g,82.00,0,https://item.m.jd.com/product/69442874295.html?_fd=jdm&amp;price=82.00&amp;fs=1,班之宇食品专营店
黄金田园 土耳其杏干天然杏脯非新疆树上干杏无核特级杏肉非散装 200g/袋 强烈推荐！土耳其杏干200g*5袋,59.90,2000,https://item.m.jd.com/product/70897420902.html?_fd=jdm&amp;price=59.90&amp;fs=1,黄金田园食品官方旗舰店
杏干新疆特产天然晒干树上小白杏干吊干杏 【小白杏干】2斤更实惠,78.00,76,https://item.m.jd.com/product/56795939263.html?_fd=jdm&amp;price=78.00&amp;fs=1,空间之锋农资专营店
黄金田园 无核甜杏干 新疆特产树上杏干零食 200g*2,32.00,1000,https://item.m.jd.com/product/34746097355.html?_fd=jdm&amp;price=32.00&amp;fs=1,黄金田园食品官方旗舰店
宏泰记果脯蜜饯话梅肉陈皮酵素梅新疆玉杏无花果酸Q梅杨梅蓝莓李果组合办公室休闲零食混合果干 混合口味1000g,48.80,1000,https://item.m.jd.com/product/32106442560.html?_fd=jdm&amp;price=48.80&amp;fs=1,大眼蛙食品专营店
【现货速发】小小的我甜杏肉40g/包 新疆特产英吉沙色买提甜杏西肉梅果干果脯营养代餐办公室休闲食品 杏肉袋装【40g*4包】,36.90,500,https://item.m.jd.com/product/10025519568470.html?_fd=jdm&amp;price=36.90&amp;fs=1,优乐德旗舰店
5折 杏干原味 新疆伊犁四团吊干杏树上杏干吊死干原味杏包仁XG 大杏干500g,40.00,0,https://item.m.jd.com/product/71440810824.html?_fd=jdm&amp;price=40.00&amp;fs=1,贝乐时光特产专营店
大漠野宝 杏干无核无添加杏脯黑杏脯特级大黑杏干250g原色原味新疆土耳其杏干 250克*1罐,26.90,18,https://item.m.jd.com/product/10038485055087.html?_fd=jdm&amp;price=26.90&amp;fs=1,大漠野宝旗舰店
山西特产休闲零食杏肉杏条阳高杏脯500g×3袋无核新疆杏干条 酸甜杏条2袋偏甜杏条1袋,84.00,100,https://item.m.jd.com/product/69885885445.html?_fd=jdm&amp;price=84.00&amp;fs=1,好味铺园艺专营店
新疆特产四团杏干天然晒原味吊干杏新鲜散装无蔗糖吊干杏 一级吊干杏500克x1包,37.40,10,https://item.m.jd.com/product/71315252349.html?_fd=jdm&amp;price=37.40&amp;fs=1,义和祥食品专营店
新疆特产伊犁树上干杏天然无自然风干杏两吃的杏干500g1 二级500g,48.00,41,https://item.m.jd.com/product/71743582076.html?_fd=jdm&amp;price=48.00&amp;fs=1,班之宇食品专营店
新疆阿克苏四团吊干杏树上杏干可一杏两吃天然500g吊死干原味杏包仁 小杏干500g*2袋,55.00,22,https://item.m.jd.com/product/10028015940317.html?_fd=jdm&amp;price=55.00&amp;fs=1,谦钰零食专营店
新疆伊犁树上吊干杏500g /袋小白杏干特级吊死杏干果脯20年新货,48.00,6,https://item.m.jd.com/product/35133352811.html?_fd=jdm&amp;price=48.00&amp;fs=1,卓之鲜果蔬专营店
【破损包赔】思宏奶酪枣网红零食酸奶雪花枣巴旦木夹心红枣杏仁手工新疆奶芙枣 巴旦木奶枣250g*2袋-单粒包装(超值),39.90,200,https://item.m.jd.com/product/10026099166392.html?_fd=jdm&amp;price=39.90&amp;fs=1,子航食品专营店
黄杏干酸甜杏脯杏干新疆特产杏肉干无500g 土耳其--黄杏脯500g,70.00,0,https://item.m.jd.com/product/69442874296.html?_fd=jdm&amp;price=70.00&amp;fs=1,班之宇食品专营店
【每果时光】新疆红杏干500g大片杏脯杏肉儿童孕妇零食休闲小吃蜜饯果干水果脯蔬果干 【1斤酸甜可口】净含量：250g*2包,28.80,1000,https://item.m.jd.com/product/10029095874436.html?_fd=jdm&amp;price=28.80&amp;fs=1,锦玥食品专营店
新疆特产伊犁树上杏干自然吊死干杏肉杏仁一杏两吃500g杏脯干 500克*【2袋】,109.00,1,https://item.m.jd.com/product/70781663473.html?_fd=jdm&amp;price=109.00&amp;fs=1,沫娅娜熟食卤味专营店
梅情梅趣甘草杏甘草杏肉独立小包装阿梅肉杏脯蜜饯杏条新疆杏干 脆梅500克(有核),37.70,3,https://item.m.jd.com/product/10023692533846.html?_fd=jdm&amp;price=37.70&amp;fs=1,青迅淳宝零食专营店
吊干杏新疆杏干特级新鲜树上干杏干杏仁 一级2斤 今年新货,90.00,2,https://item.m.jd.com/product/10032465953274.html?_fd=jdm&amp;price=90.00&amp;fs=1,田美休闲食品专营店
土耳其黄杏干特级酸甜杏脯杏干500g新疆特产杏肉干孕妇天然无1 黑杏脯500g*2袋,134.00,0,https://item.m.jd.com/product/71504317696.html?_fd=jdm&amp;price=134.00&amp;fs=1,班之宇食品饮料专营店
无核杏干500g新疆特级偏酸红杏果脯杏子吊脯干天然散装解馋小零食 1斤：无核杏干(250克x2袋),42.48,1,https://item.m.jd.com/product/10030044308379.html?_fd=jdm&amp;price=42.48&amp;fs=1,四通博运休闲零食专营店
杏干新货2斤树上干杏天然晾晒新鲜新疆特产吊干杏 特级新货一斤,52.00,5,https://item.m.jd.com/product/67680413027.html?_fd=jdm&amp;price=52.00&amp;fs=1,采瑞园艺专营店
【新鲜上市】新疆西梅新鲜正宗喀什法兰西甜西梅当季水果整箱应季李子送礼礼盒整箱 1斤【试吃装】,65.80,65,https://item.m.jd.com/product/10034714238709.html?_fd=jdm&amp;price=65.80&amp;fs=1,千朵云果蔬旗舰店
品田佳新疆杏干500g独立小包装杏脯杏干甘草杏休闲零食杏条杏肉有核杏干 新疆杏干500克,17.80,11,https://item.m.jd.com/product/68245024748.html?_fd=jdm&amp;price=17.80&amp;fs=1,锦绣花火食品专营店
西域果园_树上干杏360g*2袋 天然吊死杏干杏肉杏脯新疆特产批发 360g,29.90,500,https://item.m.jd.com/product/66520218771.html?_fd=jdm&amp;price=29.90&amp;fs=1,西域果园地方特产旗舰店
新疆红杏干杏脯500g吊干杏杏肉树上酸杏子零食罐装果脯蜜饯 精品杏干罐装500g 无核杏干500g,35.80,200,https://item.m.jd.com/product/10026687071637.html?_fd=jdm&amp;price=35.80&amp;fs=1,农香森旗舰店
库车杏干无添加天然豪霞利克新疆轮台小白杏干 特产坚果杏子干 小白杏干真空包装1000克,90.70,0,https://item.m.jd.com/product/10038514740405.html?_fd=jdm&amp;price=90.70&amp;fs=1,星屹食品专营店
【好货京选】杏干土耳其进口原味无核大果黄杏干黑杏干500g新疆酸甜杏肉杏脯休闲零食孕妇蜜饯新鲜干果 黄杏干 250g*4 共四包,74.00,2,https://item.m.jd.com/product/10039195702531.html?_fd=jdm&amp;price=74.00&amp;fs=1,俏芸麦旗舰店
二杠头奶酪枣夹杏仁奶枣网红抖音炒奶枣炒货巴旦木夹心奶酪新疆红枣零食 奶酪枣【抹茶味夹心款】 500g独立包装,25.00,1,https://item.m.jd.com/product/10040554647717.html?_fd=jdm&amp;price=25.00&amp;fs=1,秋严旗舰店
木亚格杏干 自然集新疆特产木亚格杏干核休闲食果干225g（多规格） 2包,126.00,4,https://item.m.jd.com/product/10036250922322.html?_fd=jdm&amp;price=126.00&amp;fs=1,SKINNENDE营养健康旗舰店
冻葩FD冻干杏干30g新疆杏干泡果茶非油炸酸到流口水,21.90,6,https://item.m.jd.com/product/10035175620752.html?_fd=jdm&amp;price=21.90&amp;fs=1,好熟悉旗舰店
耳其杏干500g大杏干新疆杏脯无核大黑杏干原色原味孕妇零食 黑杏干500*2罐,76.00,500,https://item.m.jd.com/product/10031517653506.html?_fd=jdm&amp;price=76.00&amp;fs=1,中国特产·邛崃助农馆
新疆特产四团杏干天然晒原味吊干杏新鲜散装无蔗糖吊干杏 特级吊干杏500克x2包,82.70,10,https://item.m.jd.com/product/71315252353.html?_fd=jdm&amp;price=82.70&amp;fs=1,义和祥食品专营店
新货新疆杏干伊犁天然吊干杏1000g 大吊干杏2斤,99.00,500,https://item.m.jd.com/product/56452204459.html?_fd=jdm&amp;price=99.00&amp;fs=1,空间之锋农资专营店
每果时光 新疆杏干500g大片杏脯杏肉儿童孕妇零食休闲小吃蜜饯果干水果脯果蔬水果干 【1斤】精品杏干：250g*2包,28.80,10000,https://item.m.jd.com/product/10020756426543.html?_fd=jdm&amp;price=28.80&amp;fs=1,每果时光旗舰店
西域果园 新疆特产树上干杏360g吊死杏干原味自然风干杏肉360g,20.90,500,https://item.m.jd.com/product/100022121486.html?_fd=jdm&amp;price=20.90&amp;fs=1,西域果园京东自营旗舰店
新疆特产杏包仁无核杏干夹阿克苏185核桃仁果干不加糖杏脯夹核桃零食坚果组合酸甜香脆 杏干夹核桃仁500克/袋,49.80,9,https://item.m.jd.com/product/10038582724947.html?_fd=jdm&amp;price=49.80&amp;fs=1,沙漠玉珠旗舰店
新疆伊犁四团吊干杏树上杏干天然500g吊死干原味杏包仁 小杏干500g,29.70,100,https://item.m.jd.com/product/63555226361.html?_fd=jdm&amp;price=29.70&amp;fs=1,美珠食品饮料专营店
新疆新货库车小白杏干很甜吊死干500g 500克,66.00,2,https://item.m.jd.com/product/10029630655346.html?_fd=jdm&amp;price=66.00&amp;fs=1,思之惠食品专营店
大漠野宝  小白杏干新疆库车吊树干250g杏干原味无添加杏脯杏肉干果 250克*1罐,32.90,11,https://item.m.jd.com/product/10038485668331.html?_fd=jdm&amp;price=32.90&amp;fs=1,大漠野宝旗舰店
神恋 新疆英吉沙杏肉 去核杏干天然无添加糖果脯蜜饯小孩孕妇休闲健康零食小吃果干 80g/袋装,12.90,19,https://item.m.jd.com/product/10034209892983.html?_fd=jdm&amp;price=12.90&amp;fs=1,田间口袋食品旗舰店
西域皇后奶枣 奶枣西域皇后奶枣500g网红奶酪枣夹心枣牛奶红枣夹杏仁新疆 【含巴旦木仁】奶枣500g*1包,58.50,56,https://item.m.jd.com/product/10025965691822.html?_fd=jdm&amp;price=58.50&amp;fs=1,梦磊新休闲食品专营店
西域美农 大白杏干250g 新疆特产干果杏脯大白干杏办公室零食,19.80,200,https://item.m.jd.com/product/26593968438.html?_fd=jdm&amp;price=19.80&amp;fs=1,牛哥食品专营店
山西特产休闲零食杏肉杏条阳高杏脯500g×3袋无核新疆杏干条 偏甜杏条2袋酸甜杏条1袋,84.00,100,https://item.m.jd.com/product/69885885446.html?_fd=jdm&amp;price=84.00&amp;fs=1,好味铺园艺专营店
新疆小白杏干伊犁库车自然风干原味树上吊死干杏500克,58.00,38,https://item.m.jd.com/product/34804602768.html?_fd=jdm&amp;price=58.00&amp;fs=1,臻之鲜生鲜专营店
吉饮食品吊干杏干土耳其黑杏干新疆无核杏肉杏脯无添加天然果干蜜饯小零食 红杏干500g【软糯酸甜】一级,85.35,3,https://item.m.jd.com/product/10038731725886.html?_fd=jdm&amp;price=85.35&amp;fs=1,吉饮食品专营店
杏干500g吊干杏脯新疆树上干红杏子肉蜜饯果脯酸甜零食 精品杏干250克,20.00,6,https://item.m.jd.com/product/10036226614206.html?_fd=jdm&amp;price=20.00&amp;fs=1,格诗休闲食品专营店
正宗新疆和田大枣大红枣批发玉骏枣非加工1斤3斤5斤新货 精选和田大枣1斤装,11.80,1000,https://item.m.jd.com/product/10040068113944.html?_fd=jdm&amp;price=11.80&amp;fs=1,敏润彩弘食品专营店
【顺丰】2021新货 新疆大吊干杏新疆特产500g树上杏干杏脯干新货 500g 吊干杏500g特级,48.00,11,https://item.m.jd.com/product/10025164137321.html?_fd=jdm&amp;price=48.00&amp;fs=1,爱果水果专营店
金觅 杏干无核原味杏脯新疆土耳其大颗杏干果干原色原味孕妇零食罐装 精选黑杏干250gX1罐,29.80,7,https://item.m.jd.com/product/10038455046206.html?_fd=jdm&amp;price=29.80&amp;fs=1,金觅旗舰店
伊梨果丹皮 诗梦园新疆伊犁老式果丹皮小时候的味道酸甜苹果杏子 杏子500克+苹果500克,109.20,5,https://item.m.jd.com/product/10034535199655.html?_fd=jdm&amp;price=109.20&amp;fs=1,城宇食品专营店
思宏奶酪枣网红零食酸奶雪花枣巴旦木夹心红枣杏仁手工新疆奶芙枣 巴旦木奶枣250g*2袋-单粒包装,52.00,12,https://item.m.jd.com/product/10026878699717.html?_fd=jdm&amp;price=52.00&amp;fs=1,维佳锦晨零食专营店
枣粮先生  奶枣网红休闲健康零食杏仁巴旦木夹心新疆红枣奶芙  多口味奶酪枣 【不含巴旦木】乳心奶酪枣250g,19.90,5000,https://item.m.jd.com/product/10023593537761.html?_fd=jdm&amp;price=19.90&amp;fs=1,枣粮先生旗舰店
新疆特产杏干晒原味吊干杏新鲜散装吊干杏 特级吊干杏500克×2包,83.00,4,https://item.m.jd.com/product/71069828159.html?_fd=jdm&amp;price=83.00&amp;fs=1,澳荣联德食品专营店
新疆特产酸甜甘草杏果脯杏肉干有核杏干蜜饯杏脯休闲网红零食水果干小袋装 甘草杏180g*2,23.90,200,https://item.m.jd.com/product/10029211456568.html?_fd=jdm&amp;price=23.90&amp;fs=1,中国特产·喀什馆
杏干土耳其进口500g原味无核无添加红杏干黄杏干黑杏干新疆杏肉杏脯 红杏干 250g*4 共四包,69.90,5000,https://item.m.jd.com/product/10025547483497.html?_fd=jdm&amp;price=69.90&amp;fs=1,添霖食品专营店
新疆特产杏干晒原味吊干杏新鲜散装吊干杏 特级吊干杏500克×1包,48.00,4,https://item.m.jd.com/product/71069828157.html?_fd=jdm&amp;price=48.00&amp;fs=1,澳荣联德食品专营店
【无核杏肉】500g新疆伊犁特产自然晒干天然无添加无核大黑杏脯大杏干无核杏脯杏肉黄肉 尝鲜价500克黄杏脯,110.00,98,https://item.m.jd.com/product/66110006981.html?_fd=jdm&amp;price=110.00&amp;fs=1,闻联食品专营店
小小的我新疆甜杏肉320g /盒 新疆英吉沙杏甜杏肉孕妇零食杏干果干果脯无核酸甜 160g袋装,36.90,14,https://item.m.jd.com/product/10036491571325.html?_fd=jdm&amp;price=36.90&amp;fs=1,饭否特产专营店
西域皇后奶枣 奶枣西域皇后奶枣500g网红奶酪枣夹心枣牛奶红枣夹杏仁新疆 【含巴旦木仁】奶枣500g*2包,111.60,56,https://item.m.jd.com/product/10025965691823.html?_fd=jdm&amp;price=111.60&amp;fs=1,梦磊新休闲食品专营店
5折 新疆吊干杏伊犁树上吊死干散装休闲零食水果杏干杏果脯 1000g,120.00,4,https://item.m.jd.com/product/10021173391006.html?_fd=jdm&amp;price=120.00&amp;fs=1,讯鹏特产专营店
西域美农 白杏干250g袋 新疆特产 蜜饯果干 杏脯大白干杏孕妇零食 250g/袋,66.90,1000,https://item.m.jd.com/product/10026001507098.html?_fd=jdm&amp;price=66.90&amp;fs=1,中国特产·武功助农馆
西域美农 白杏干250g袋 新疆特产 蜜饯果干 杏脯大白干杏孕妇零食 250g,26.90,1000,https://item.m.jd.com/product/10026730284930.html?_fd=jdm&amp;price=26.90&amp;fs=1,中国特产·武功助农馆
新货新疆吊干杏四团树上吊死干杏干特级无添加农家天然阿克苏 中果吊干杏500克/包,68.00,200,https://item.m.jd.com/product/72182142048.html?_fd=jdm&amp;price=68.00&amp;fs=1,倪芳食品专营店
安萁土耳其杏不添加无核黑杏干原味杏脯新疆250g天然孕妇零食原色原味,27.80,100,https://item.m.jd.com/product/10026122679155.html?_fd=jdm&amp;price=27.80&amp;fs=1,安萁官方旗舰店
简农无核杏干 简农129g杏干新疆果糖无核休闲袋装自封口 129g*4,84.00,0,https://item.m.jd.com/product/10033435595740.html?_fd=jdm&amp;price=84.00&amp;fs=1,佩曼吉方便食品专营店
新疆特产杏包仁120g三包杏干夹核桃仁抱抱果大漠马卡龙英吉沙杏干夹和田核桃仁休闲零食 杏包仁120g 实惠装3包装,39.90,1,https://item.m.jd.com/product/10039162781107.html?_fd=jdm&amp;price=39.90&amp;fs=1,和田印象生鲜专营店
豆乐奇新疆2021新货库车小白杏超甜树上杏干吊干杏 杏干2斤,110.00,1,https://item.m.jd.com/product/10039654980249.html?_fd=jdm&amp;price=110.00&amp;fs=1,永顺休闲零食专营店
问君 红杏干 蜜饯果干 新疆特产办公室休闲零食杏脯 树上干杏500g/袋 500g*2袋【偏甜杏干】,49.90,500,https://item.m.jd.com/product/10036432298399.html?_fd=jdm&amp;price=49.90&amp;fs=1,问君红枣官方旗舰店
牧果人 新疆无核杏肉干500g罐装 红杏干吊干杏杏肉树上酸杏子果脯蜜饯特产网红办公室休闲零食小吃批发 新鲜无核杏干2斤（500g*2罐）,59.80,500,https://item.m.jd.com/product/10026772984902.html?_fd=jdm&amp;price=59.80&amp;fs=1,牧果人旗舰店
杏干新货2斤树上干杏天然晾晒新鲜新疆特产吊干杏 今年新货/不加糖/味天然/真空装,90.00,5,https://item.m.jd.com/product/67680413030.html?_fd=jdm&amp;price=90.00&amp;fs=1,采瑞园艺专营店
新疆特产阿克苏天然无添加果脯吊干杏袋装 500g*2袋,65.00,30,https://item.m.jd.com/product/10026470603507.html?_fd=jdm&amp;price=65.00&amp;fs=1,珍玉果休闲食品专营店
【巴州馆】新疆特产树上杏干 四团吊干杏 干果蜜饯新货休闲零食果脯 一级吊干杏（500g*1袋）,33.00,88,https://item.m.jd.com/product/10033521268370.html?_fd=jdm&amp;price=33.00&amp;fs=1,中国特产·巴州馆
120g古树杏干新疆120g4袋陕西特色零食同款果脯 4袋,69.50,1,https://item.m.jd.com/product/10036396827223.html?_fd=jdm&amp;price=69.50&amp;fs=1,玛添食品专营店
无核杏干新疆杏脯吊干树上干杏子肉蜜饯果脯酸甜儿童孕妇零食 杏干1斤/500克(2袋),45.22,6,https://item.m.jd.com/product/10033212914468.html?_fd=jdm&amp;price=45.22&amp;fs=1,沃之阁零食专营店
【新源馆】猴小妞 新疆树上杏干 原味吊死干杏 420g,19.90,200,https://item.m.jd.com/product/69340133585.html?_fd=jdm&amp;price=19.90&amp;fs=1,中国特产·新源馆
新疆特产杏包仁大漠马卡龙吊死杏干夹核桃仁办公室120g 120g/包,12.90,3,https://item.m.jd.com/product/10041079368088.html?_fd=jdm&amp;price=12.90&amp;fs=1,中国特产·新疆兵团馆
伊梨果丹皮 诗梦园新疆伊犁老式果丹皮小时候的味道酸甜苹果杏子 苹果200克+杏子200克装,59.00,4,https://item.m.jd.com/product/10037461595513.html?_fd=jdm&amp;price=59.00&amp;fs=1,嘉瓯聚品旗舰店
新疆红杏干无核500g杏仁果脯罐装酸甜杏儿蜜饯孕妇儿童零食无添加 新货罐装红杏干500g,62.90,19,https://item.m.jd.com/product/10032954019304.html?_fd=jdm&amp;price=62.90&amp;fs=1,食为天休闲食品专营店
杏干新疆特产天然晒干树上小白杏干吊干杏 【小白杏干】1斤,52.00,76,https://item.m.jd.com/product/56795939262.html?_fd=jdm&amp;price=52.00&amp;fs=1,空间之锋农资专营店
简农无核杏干新品新疆特产杏干休闲小零食 原味,42.00,32,https://item.m.jd.com/product/10028459757824.html?_fd=jdm&amp;price=42.00&amp;fs=1,维佳锦晨食品专营店
新疆红杏干500g大片杏脯杏肉儿童孕妇零食休闲小吃蜜饯果干水果脯蔬果干 杏干250g罐装,18.80,100,https://item.m.jd.com/product/10031112680765.html?_fd=jdm&amp;price=18.80&amp;fs=1,镇参崖·通化特产馆
每果时光 新疆杏干500g大片杏脯杏肉儿童孕妇零食休闲小吃蜜饯果干水果脯果蔬水果干 【2斤】精品杏干：250g*4包,67.23,3,https://item.m.jd.com/product/10037463945476.html?_fd=jdm&amp;price=67.23&amp;fs=1,媳福传统滋补旗舰店
新疆恐龙蛋黄肉  味厚味帝34斤特级大果空运应季当季新鲜水果孕妇杏李李子时令平安夜送礼品水果礼盒礼物 6斤大果【特划算】,224.90,19,https://item.m.jd.com/product/10036720068921.html?_fd=jdm&amp;price=224.90&amp;fs=1,田良记官方旗舰店
【现货速发】小小的我甜杏肉40g/包 新疆特产英吉沙色买提甜杏西肉梅果干果脯营养代餐办公室休闲食品 西梅干礼盒装480g【40g*12包】,81.90,500,https://item.m.jd.com/product/10025550819423.html?_fd=jdm&amp;price=81.90&amp;fs=1,优乐德旗舰店
雪海梅乡红杏干260g杏干零食蜜饯水果干杏果果脯杏脯肉新疆特产 红杏干260g*1包,29.90,2000,https://item.m.jd.com/product/71133935050.html?_fd=jdm&amp;price=29.90&amp;fs=1,雪海梅乡官方旗舰店
【阿克苏馆】干果零食阿克苏四团树上杏干吊干杏无添加500g新疆特产,48.80,500,https://item.m.jd.com/product/17986974725.html?_fd=jdm&amp;price=48.80&amp;fs=1,中国特产·阿克苏馆
阿克苏小白杏干散装吊干杏天然树上吊死干杏脯零食新疆特产 精选库车小白杏干【500克】,30.20,22,https://item.m.jd.com/product/10026947105161.html?_fd=jdm&amp;price=30.20&amp;fs=1,义和祥食品专营店
新疆特产酸甜甘草杏果脯杏肉干有核杏干蜜饯杏脯休闲网红零食水果干小袋装 杏脯160g,21.90,200,https://item.m.jd.com/product/10028373273635.html?_fd=jdm&amp;price=21.90&amp;fs=1,中国特产·喀什馆
【新疆特产】甘草杏肉 伊犁甘草杏有核杏肉干儿杏干杏果脯蜜饯 四袋实惠装（408g*4袋）,65.00,28,https://item.m.jd.com/product/45359654166.html?_fd=jdm&amp;price=65.00&amp;fs=1,祥如食品专营店
西域果园新疆特产树上干杏原味 吊死杏干 自然风干一杏两吃 树上干杏360g*2,38.00,100,https://item.m.jd.com/product/10031545885033.html?_fd=jdm&amp;price=38.00&amp;fs=1,中国特产·托里馆
西品壹号 奶枣巴旦木 奶酪枣独立包装200g袋装 小零食 奶粉棉花糖网红奶芙灰枣新疆夹心仁红枣 枣有杏心,29.20,20000,https://item.m.jd.com/product/100009920563.html?_fd=jdm&amp;price=29.20&amp;fs=1,西品壹号京东自营旗舰店
土耳其杏干19年新货特级杏肉干天然晾晒新鲜新疆吊干杏脯 500g 250g黄杏脯+250g黑杏脯,64.00,0,https://item.m.jd.com/product/70794745883.html?_fd=jdm&amp;price=64.00&amp;fs=1,沫娅娜糕点专营店
锐锐果新疆大黑杏干天然无熏制树上杏干500孕妇零食非小白杏干,68.00,0,https://item.m.jd.com/product/63426301521.html?_fd=jdm&amp;price=68.00&amp;fs=1,龙昌零食专营店
21年新货新疆特产树上干杏杏干新疆杏干 特级2斤(个头大甜),138.00,0,https://item.m.jd.com/product/10038460974547.html?_fd=jdm&amp;price=138.00&amp;fs=1,斯达康传统滋补专营店
幸福英吉沙杏干 色买提杏脯 蜜饯果干杏肉 杏仁 新疆特产办公休闲小零食多品种营养健康 英吉沙杏仁,42.90,13,https://item.m.jd.com/product/10026238898045.html?_fd=jdm&amp;price=42.90&amp;fs=1,中国特产·新疆农特产馆
西域美农杏仁奶枣200g夹心奶酪枣新疆灰枣夹杏仁巴旦木仁网红零食 【原味奶枣+巴旦木夹心奶枣】 各200g,60.00,0,https://item.m.jd.com/product/10025652562757.html?_fd=jdm&amp;price=60.00&amp;fs=1,久多食品专营店
奶枣杏仁巴旦木夹心无核枣手工制作小包装抖音网红零食炒货 净重半斤（250g）,19.80,500,https://item.m.jd.com/product/10024938870495.html?_fd=jdm&amp;price=19.80&amp;fs=1,中国特产.延吉农特产馆
新疆伊犁四团吊干杏特级树上杏干无添加天然500g吊死干原味杏包仁 大杏干500g,37.60,100,https://item.m.jd.com/product/60511424665.html?_fd=jdm&amp;price=37.60&amp;fs=1,宾利捷食品旗舰店
【蜜禾】新疆红杏干杏脯500g吊干杏杏肉树上酸杏子零食罐装果脯蜜饯 精品杏干罐装1000g,62.80,10000,https://item.m.jd.com/product/10040188269092.html?_fd=jdm&amp;price=62.80&amp;fs=1,蜜禾食品旗舰店
新疆特产四团杏干天然晒原味吊干杏新鲜散装无蔗糖吊干杏 一级吊干杏500克x2包,64.85,10,https://item.m.jd.com/product/71315252352.html?_fd=jdm&amp;price=64.85&amp;fs=1,义和祥食品专营店
【新疆特产】甘草杏肉 伊犁甘草杏有核杏肉干儿杏干杏果脯蜜饯 两袋品尝装（408g*2袋）,38.50,28,https://item.m.jd.com/product/45359654165.html?_fd=jdm&amp;price=38.50&amp;fs=1,祥如食品专营店
新疆特产土耳其黄杏脯 大黑杏干 无核杏肉厚 黄杏500g,45.00,100,https://item.m.jd.com/product/32062068746.html?_fd=jdm&amp;price=45.00&amp;fs=1,乐图生鲜专营店
【天山风味】新疆天山无核杏干软糯酸甜滋润心田120g/袋 买2加1  3大袋 默认,98.10,10,https://item.m.jd.com/product/10038599692990.html?_fd=jdm&amp;price=98.10&amp;fs=1,睿馨休闲食品专营店
西域果园_树上干杏360g*2袋 天然吊死杏干杏肉杏脯新疆特产批发 双包2X360g,49.90,500,https://item.m.jd.com/product/66520218772.html?_fd=jdm&amp;price=49.90&amp;fs=1,西域果园地方特产旗舰店
新疆库车小白杏干500g自然风干树上新鲜散装酸甜杏干 白杏干500g*2袋(2021新货,94.50,1,https://item.m.jd.com/product/10038013997129.html?_fd=jdm&amp;price=94.50&amp;fs=1,甜甜休闲零食专营店
抹茶味小奶枣杏心奶枣巧克力香芋味奶油夹心枣新疆灰枣巴旦木零食 (抹茶味巴旦木奶枣)125克装,28.00,1,https://item.m.jd.com/product/10037082164814.html?_fd=jdm&amp;price=28.00&amp;fs=1,媳福旗舰店
【每果时光】新疆红杏干500g大片杏脯杏肉儿童孕妇零食休闲小吃蜜饯果干水果脯蔬果干 【半斤酸甜可口】净含量：250g*1包,16.80,1000,https://item.m.jd.com/product/10029095874435.html?_fd=jdm&amp;price=16.80&amp;fs=1,锦玥食品专营店
木亚格杏干 自然集新疆特产木亚格杏干无核休闲零食果干225g（多规格） 2包,134.00,6,https://item.m.jd.com/product/10032365952941.html?_fd=jdm&amp;price=134.00&amp;fs=1,瑞景地方特产专营店
土耳其古树杏干新疆杏干晒干丝滑如蜜200,59.00,0,https://item.m.jd.com/product/63419055016.html?_fd=jdm&amp;price=59.00&amp;fs=1,龙昌零食专营店
新疆特产伊犁树上干杏天然无自然风干杏两吃的杏干500g1 一级500g,53.00,41,https://item.m.jd.com/product/71743582074.html?_fd=jdm&amp;price=53.00&amp;fs=1,班之宇食品专营店
【新疆特产】小白杏杏干 轮台县小白杏干酸甜吊死干树上干自然风干杏子 两袋品尝装（500g*2袋）,55.00,100,https://item.m.jd.com/product/46256960191.html?_fd=jdm&amp;price=55.00&amp;fs=1,祥如食品专营店
新疆杏干阿克苏四团吊干杏树上杏干天然吊干杏新疆直发 一级吊干杏500克/包x2,63.00,7,https://item.m.jd.com/product/70296372240.html?_fd=jdm&amp;price=63.00&amp;fs=1,采瑞园艺专营店
【收纳盒装】南凯加州大西梅新疆吊干杏蜜饯果肉脯干腾飞荣达出品休闲零食小吃 加州大西梅400g（收纳盒装）,23.80,41,https://item.m.jd.com/product/10027966234713.html?_fd=jdm&amp;price=23.80&amp;fs=1,台之味零食专营店
北漠果业吊死杏干500g新疆吊干杏零食特产带核杏肉小白杏干,44.00,1,https://item.m.jd.com/product/68373523999.html?_fd=jdm&amp;price=44.00&amp;fs=1,伟达食品专营店
新疆吊干杏新鲜吊死干伊犁树上杏干农家500g天然2斤特级 新疆吊干杏500g,120.00,49,https://item.m.jd.com/product/51675790423.html?_fd=jdm&amp;price=120.00&amp;fs=1,永顺特产专营店
宏泰记果脯蜜饯话梅肉陈皮酵素梅新疆玉杏无花果酸Q梅杨梅蓝莓李果组合办公室休闲零食混合果干 口味自备500g,24.80,1000,https://item.m.jd.com/product/32106442561.html?_fd=jdm&amp;price=24.80&amp;fs=1,大眼蛙食品专营店
杏仁奶枣 500g夹心奶酪枣 新疆灰枣夹杏仁巴旦木仁零食 含巴旦木奶枣新疆直发500g,49.90,200,https://item.m.jd.com/product/10025676685390.html?_fd=jdm&amp;price=49.90&amp;fs=1,中国特产·特克斯助农馆
甘草杏 甘草杏肉独立小包装阿梅肉杏脯蜜饯杏条新疆杏干 新疆杏干500克(有核)g,21.80,15,https://item.m.jd.com/product/10038263499116.html?_fd=jdm&amp;price=21.80&amp;fs=1,SKINNENDE营养健康旗舰店
无核大杏干新疆特产红杏干大黑杏脯杏肉土耳其甜食果脯天然无 精选大号500g(1斤1袋),96.00,0,https://item.m.jd.com/product/71743934021.html?_fd=jdm&amp;price=96.00&amp;fs=1,班之宇食品专营店
5折 新疆无花果干连罐500g无花果泡水喝孕妇干果果干特产50g批发零食 【量少尝鲜】无花果干50g,6.00,100,https://item.m.jd.com/product/10021898959489.html?_fd=jdm&amp;price=6.00&amp;fs=1,杏寻宣食品专营店
新疆特产四团吊干杏500g 拒绝琉熏树上吊干杏干天然 二级2袋,52.90,1000,https://item.m.jd.com/product/69213978209.html?_fd=jdm&amp;price=52.90&amp;fs=1,谛卡洛食品专营店
牧果人 新疆无核杏肉干500g罐装 红杏干吊干杏杏肉树上酸杏子果脯蜜饯特产网红办公室休闲零食小吃批发 新鲜无核杏干1斤（500g*1罐）,32.80,500,https://item.m.jd.com/product/10026772984901.html?_fd=jdm&amp;price=32.80&amp;fs=1,牧果人旗舰店
杏干土耳其进口500g原味无核无添加红杏干黄杏干黑杏干新疆杏肉杏脯 黑杏干250g红杏干250g 共两包,49.90,5000,https://item.m.jd.com/product/10025547914091.html?_fd=jdm&amp;price=49.90&amp;fs=1,添霖食品专营店
【沙漠玉珠】21年新货新疆特产杏干包核桃仁原味果干500g蜜饯杏脯夹心零食甜点茶点小食品 杏干夹核桃仁,49.80,200,https://item.m.jd.com/product/61401981598.html?_fd=jdm&amp;price=49.80&amp;fs=1,沙漠玉珠旗舰店
杏干新货2斤树上干杏天然晾晒新鲜新疆特产吊干杏 一级新货一斤,43.00,5,https://item.m.jd.com/product/67680413026.html?_fd=jdm&amp;price=43.00&amp;fs=1,采瑞园艺专营店
新疆特产杏干 树上干吊干杏没有添加剂250g*2袋赛天然吊死干 大颗粒(一杏两吃)吊干杏250g+土耳其无核玫瑰杏,48.00,11,https://item.m.jd.com/product/57007520722.html?_fd=jdm&amp;price=48.00&amp;fs=1,空间之锋园艺专营店
【抖音同款】简农古树杏干无核杏干 120g/袋装 2021新品新疆特产杏干休闲小零食无添加纯杏干 120g*4(新包装),77.40,1,https://item.m.jd.com/product/10040192468994.html?_fd=jdm&amp;price=77.40&amp;fs=1,畅欧泰尚干货专营店
新疆杏干阿克苏四团吊干杏树上杏干天然吊干杏新疆直发 特级大吊干杏500克/包,43.50,7,https://item.m.jd.com/product/70296372238.html?_fd=jdm&amp;price=43.50&amp;fs=1,采瑞园艺专营店
沙露源伊犁树上干杏500克新疆六十一团特产吊死杏干一杏两吃休闲零食,29.80,200,https://item.m.jd.com/product/10037217125569.html?_fd=jdm&amp;price=29.80&amp;fs=1,沙露源官方旗舰店
【北屯馆】疆晟缘 奶枣500g 杏仁夹心枣  新疆大红枣灰枣夹巴旦木仁 奶枣新疆直发1000g（含巴旦木),108.00,1000,https://item.m.jd.com/product/10024686443780.html?_fd=jdm&amp;price=108.00&amp;fs=1,中国特产·北屯馆
新疆特产黑杏干酸甜果干原味无添加杏肉吊干杏脯果脯蜜饯孕妇零食 黑杏干500g【特级】,66.00,2,https://item.m.jd.com/product/10040415674225.html?_fd=jdm&amp;price=66.00&amp;fs=1,友茗食品专营店
【奎屯馆】新疆有机树上干杏杏脯杏肉杏包仁 200g/袋 伊杏皇果苑吊死杏干杏肉礼盒 有机杏包仁 200g*2袋装,98.80,100,https://item.m.jd.com/product/56091536080.html?_fd=jdm&amp;price=98.80&amp;fs=1,中国特产·奎屯馆
新疆杏干阿克苏四团吊干杏树上杏干天然吊干杏新疆直发 二级吊干杏500克/包,28.50,7,https://item.m.jd.com/product/70296372239.html?_fd=jdm&amp;price=28.50&amp;fs=1,采瑞园艺专营店
新疆色买提杏 新疆色买提甜杏干500g袋装果肉肥厚休闲零食大杏干 500g喀什甜杏干*2袋,58.00,0,https://item.m.jd.com/product/71569988247.html?_fd=jdm&amp;price=58.00&amp;fs=1,久多食品专营店
【蜜禾】新疆红杏干杏脯500g吊干杏杏肉树上酸杏子零食罐装果脯蜜饯 精品杏干罐装250g,22.80,10000,https://item.m.jd.com/product/10022908618011.html?_fd=jdm&amp;price=22.80&amp;fs=1,蜜禾食品旗舰店
疆憨憨 新疆奶枣巴旦木杏仁夹心奶酪红枣坚果网红解馋小零食休闲食品 125g*2袋,34.90,58,https://item.m.jd.com/product/10035631767137.html?_fd=jdm&amp;price=34.90&amp;fs=1,中国特产·博州馆
木亚格杏干 自然集新疆特产木亚格杏干无核休闲零食果干225g 2包,135.00,0,https://item.m.jd.com/product/10037205007633.html?_fd=jdm&amp;price=135.00&amp;fs=1,嘉瓯聚品旗舰店
【现货速发】小小的我甜杏肉40g/包 新疆特产英吉沙色买提甜杏西肉梅果干果脯营养代餐办公室休闲食品 杏肉礼盒装320g【40g*8包】,81.90,500,https://item.m.jd.com/product/10025550819422.html?_fd=jdm&amp;price=81.90&amp;fs=1,优乐德旗舰店
薛记炒货枣有杏心160g奶枣杏仁夹心奶酪枣网红夹杏新疆大红枣巴旦木仁 枣想奶一口250g（不含巴旦木仁）,19.90,500,https://item.m.jd.com/product/10025041264786.html?_fd=jdm&amp;price=19.90&amp;fs=1,薛记炒货旗舰店
诗梦园 伊犁果丹皮（苹果/杏子/树莓4种口味）儿时怀旧零食 新疆特产老式手工果脯条片 杏子500g,48.00,500,https://item.m.jd.com/product/28618991294.html?_fd=jdm&amp;price=48.00&amp;fs=1,祥如食品专营店
【蜜禾】新疆红杏干杏脯500g吊干杏杏肉树上酸杏子零食罐装果脯蜜饯 精品杏干罐装500g,35.80,10000,https://item.m.jd.com/product/10022155887338.html?_fd=jdm&amp;price=35.80&amp;fs=1,蜜禾食品旗舰店
利吉氏金杏干利金杏干吉氏甜杏果干酸酸甜甜g*6袋装零食 利吉氏金杏干100g*6袋g,113.30,32,https://item.m.jd.com/product/10038145329066.html?_fd=jdm&amp;price=113.30&amp;fs=1,翔京旗舰店
新疆特产四团吊干杏500g 拒绝琉熏树上吊干杏干天然 一级一袋500g,37.90,1000,https://item.m.jd.com/product/69213978208.html?_fd=jdm&amp;price=37.90&amp;fs=1,谛卡洛食品专营店
土耳其杏干杏脯1000g杏肉非新疆杏子甘草吊干杏 250g*4袋,84.85,0,https://item.m.jd.com/product/59997360246.html?_fd=jdm&amp;price=84.85&amp;fs=1,奥兰园艺专营店
新疆特产黑杏干酸甜果干原味无添加杏肉吊干杏脯果脯蜜饯孕妇零食 黑杏干250g【一级】,32.80,42,https://item.m.jd.com/product/10031430779324.html?_fd=jdm&amp;price=32.80&amp;fs=1,聚盛康食品专营店
新疆特产杏干 树上干杏360g吊死干自然风干 360g,19.90,200,https://item.m.jd.com/product/10027068666015.html?_fd=jdm&amp;price=19.90&amp;fs=1,中国特产·新疆兵团馆
新疆特产树上干杏吊干杏 500g/袋 阿克苏吊死杏干办公室休闲零食果干 阿克苏树上吊干杏 一级吊干杏500g*2袋,69.80,57,https://item.m.jd.com/product/10021092054200.html?_fd=jdm&amp;price=69.80&amp;fs=1,中国特产·新疆兵团一二六团馆
古力拜 伊犁果丹皮（苹果/杏子/树莓/西梅）儿时怀旧零食新疆特产老式硬干果脯片独立小包装 杏子380g,48.00,100,https://item.m.jd.com/product/69593562972.html?_fd=jdm&amp;price=48.00&amp;fs=1,祥如食品专营店
土耳其黄杏干特级酸甜杏脯杏干500g新疆特产杏肉干孕妇天然无1 土耳其--黄杏脯 500克,72.00,9,https://item.m.jd.com/product/71504317692.html?_fd=jdm&amp;price=72.00&amp;fs=1,班之宇食品饮料专营店
5折 新疆无花果干连罐500g无花果泡水喝孕妇干果果干特产50g批发零食 【小袋锁鲜】无花果干50g*4袋,21.00,100,https://item.m.jd.com/product/10021898959491.html?_fd=jdm&amp;price=21.00&amp;fs=1,杏寻宣食品专营店
品田佳甘草杏甘草杏肉阿梅肉混装杏干杏肉梅子话梅组合500g杏条杏脯酸话梅蜜饯特产办公室零食 新疆杏干500克（有核）,17.80,200,https://item.m.jd.com/product/10022034749727.html?_fd=jdm&amp;price=17.80&amp;fs=1,锦绣花火食品专营店
沙漠玉珠21新货新疆特产伊犁树上杏干500g吊死干果原味一杏两吃杏仁不加糖零食阿克苏四团杏干酸甜 树上杏干（500克*1袋）,39.80,500,https://item.m.jd.com/product/41401229313.html?_fd=jdm&amp;price=39.80&amp;fs=1,沙漠玉珠旗舰店
新疆杏干伊犁吊死干杏干天然自然风干树上干杏新疆特产 5斤【批发装】,206.00,8,https://item.m.jd.com/product/57007502401.html?_fd=jdm&amp;price=206.00&amp;fs=1,空间之锋园艺专营店
新疆杏干伊犁吊死干杏干天然自然风干树上干杏新疆特产 一斤【实惠装】,54.00,8,https://item.m.jd.com/product/57007489499.html?_fd=jdm&amp;price=54.00&amp;fs=1,空间之锋园艺专营店
新疆小白杏干库车甜杏干树上干杏无添加 【新疆小白杏干】两斤装,96.00,200,https://item.m.jd.com/product/65009851329.html?_fd=jdm&amp;price=96.00&amp;fs=1,晓器猴食品专营店
枣粮先生奶枣巴旦木夹心杏仁网红零食小包装新疆红枣燕麦奶枣 燕麦奶枣125g*2,37.90,40,https://item.m.jd.com/product/10039737272638.html?_fd=jdm&amp;price=37.90&amp;fs=1,枣粮先生旗舰店
无核杏干新疆杏脯吊干树上干杏子肉蜜饯果脯酸甜零食 杏干半斤/250克(1袋),26.00,0,https://item.m.jd.com/product/10036591433485.html?_fd=jdm&amp;price=26.00&amp;fs=1,乐由地方特产专营店
【乌鲁木齐馆】新疆阿克苏吊干杏 吊死干杏子 小红杏 杏干 袋装 蜜饯果干 干果零食 500g*2袋,69.00,100,https://item.m.jd.com/product/10036663318025.html?_fd=jdm&amp;price=69.00&amp;fs=1,中国特产·乌鲁木齐馆
【大悟助农馆】新疆英吉沙杏肉 去核杏干天然无添加糖果脯蜜饯小孩孕妇休闲健康零食小吃果干 80g/袋装 杏肉干,15.90,1,https://item.m.jd.com/product/10040064501121.html?_fd=jdm&amp;price=15.90&amp;fs=1,中国特产·大悟助农馆
新货新疆吊干杏四团树上吊死干杏干特级无添加农家天然阿克苏 大果吊干杏500克/包,79.00,200,https://item.m.jd.com/product/72182142049.html?_fd=jdm&amp;price=79.00&amp;fs=1,倪芳食品专营店
黑杏干天然杏脯无核杏肉干特产新疆吊干杏 无核黑杏干250g(半斤),28.50,0,https://item.m.jd.com/product/10040944821861.html?_fd=jdm&amp;price=28.50&amp;fs=1,钰麟瑞轩饮料专营店
新货新疆吊干杏四团树上吊死干杏干农家天然AA 特级吊干杏500克/包,52.00,58,https://item.m.jd.com/product/71916375668.html?_fd=jdm&amp;price=52.00&amp;fs=1,云之巅食品饮料专营店
新疆杏包仁吊死杏干夹核桃仁西域勇士杏仁包500g非土耳其杏脯杏肉 杏仁包500g袋X2袋装 杏仁包500g袋X1袋装,58.00,1,https://item.m.jd.com/product/10038547322731.html?_fd=jdm&amp;price=58.00&amp;fs=1,嗒啉食品专营店
新疆吊死干杏干500g肉厚核香一杏两吃杏子无添加杏干250g 500g/袋,35.00,5,https://item.m.jd.com/product/10033870627831.html?_fd=jdm&amp;price=35.00&amp;fs=1,喜马拉雅休闲食品专营店
新疆特产伊犁树上干杏天然无自然风干杏两吃的杏干500g1 特级500g,62.00,41,https://item.m.jd.com/product/71743582072.html?_fd=jdm&amp;price=62.00&amp;fs=1,班之宇食品专营店
雪海梅乡红杏干260g杏干零食蜜饯水果干杏果果脯杏脯肉新疆特产 红杏干260g*2包,59.90,2000,https://item.m.jd.com/product/10033583341095.html?_fd=jdm&amp;price=59.90&amp;fs=1,雪海梅乡官方旗舰店
幸福英吉沙杏干 色买提杏脯 蜜饯果干杏肉 杏仁 新疆特产办公休闲小零食多品种营养健康 英吉沙杏肉 果干类 75g,19.90,47,https://item.m.jd.com/product/10029389617699.html?_fd=jdm&amp;price=19.90&amp;fs=1,西域果园地方特产旗舰店
新疆阿克苏四团吊干杏树上杏干可一杏两吃无添加天然500g吊死干原味杏包仁 小杏干500g,35.00,22,https://item.m.jd.com/product/10031100883744.html?_fd=jdm&amp;price=35.00&amp;fs=1,红宇零食专营店
诗梦园 伊犁果丹皮（苹果/杏子/树莓4种口味）儿时怀旧零食 新疆特产老式手工果脯条片 草莓360g,37.00,500,https://item.m.jd.com/product/63441946749.html?_fd=jdm&amp;price=37.00&amp;fs=1,祥如食品专营店
【乌鲁木齐馆】哎呦喂新疆杏干无核大杏干黑杏脯休闲零食200*2袋 水果干零食,48.00,2000,https://item.m.jd.com/product/31048696132.html?_fd=jdm&amp;price=48.00&amp;fs=1,中国特产·乌鲁木齐馆
【自然风干 酸甜口感】品甄 新疆杏干伊犁吊死干杏干无添加天然特级自然风干树上干杏新疆特产 1斤（一级吊干杏）,39.90,200,https://item.m.jd.com/product/10034005415425.html?_fd=jdm&amp;price=39.90&amp;fs=1,御峥生鲜专营店
奶枣杏仁巴旦木夹心无核枣手工制作小包装抖音网红零食炒货 净重1斤（500g）,23.80,500,https://item.m.jd.com/product/10024938870496.html?_fd=jdm&amp;price=23.80&amp;fs=1,中国特产.延吉农特产馆
超特级限量500份 新疆杏干无添加树上干杏2020年新货四团吊干杏 超特级杏干1000克(限量500份),210.70,2,https://item.m.jd.com/product/10035751253841.html?_fd=jdm&amp;price=210.70&amp;fs=1,大伟食品专营店
新疆直邮特大天然黑杏干土耳其杏干树上无核杏脯杏肉500g 【特级黑杏脯】,104.00,2,https://item.m.jd.com/product/10035768302786.html?_fd=jdm&amp;price=104.00&amp;fs=1,旺盛达休闲食品专营店
正宗新疆和田大枣大红枣批发玉骏枣非加工1斤3斤5斤新货 精选和田大枣【4斤装】,33.60,1000,https://item.m.jd.com/product/10032934214013.html?_fd=jdm&amp;price=33.60&amp;fs=1,敏润彩弘食品专营店
【新疆特产】小白杏杏干 轮台县小白杏干酸甜吊死干树上干自然风干杏子 四袋实惠装（500g*4袋）,104.50,100,https://item.m.jd.com/product/46256960192.html?_fd=jdm&amp;price=104.50&amp;fs=1,祥如食品专营店
【巴州馆】新疆特产树上杏干 四团吊干杏 干果蜜饯新货休闲零食果脯 特级吊干杏（500g*1袋）,36.00,88,https://item.m.jd.com/product/10033787804010.html?_fd=jdm&amp;price=36.00&amp;fs=1,中国特产·巴州馆
神恋 新疆英吉沙杏干 天然不加糖风干水果干零食蜜饯果脯特产 80g袋装*3（三袋装总计240g）,39.00,13,https://item.m.jd.com/product/10034191373092.html?_fd=jdm&amp;price=39.00&amp;fs=1,田间口袋食品旗舰店
【无核杏肉】500g新疆伊犁特产自然晒干天然无添加无核大黑杏脯大杏干无核杏脯杏肉黄肉 (大果)实惠500克,110.00,98,https://item.m.jd.com/product/66110006982.html?_fd=jdm&amp;price=110.00&amp;fs=1,闻联食品专营店
杏干土耳其进口500g原味无核无添加红杏干黄杏干黑杏干新疆杏肉杏脯 红杏干 250g*2 共两包,36.90,5000,https://item.m.jd.com/product/45867693912.html?_fd=jdm&amp;price=36.90&amp;fs=1,添霖食品专营店
新疆小白杏干库车甜杏干树上干杏无添加 【特级】小白杏干1斤装,68.00,200,https://item.m.jd.com/product/65009851330.html?_fd=jdm&amp;price=68.00&amp;fs=1,晓器猴食品专营店
新疆伊犁四团吊干杏树上杏干天然500g吊死干原味杏包仁 大杏干500g,38.30,100,https://item.m.jd.com/product/63555226362.html?_fd=jdm&amp;price=38.30&amp;fs=1,美珠食品饮料专营店
正宗新疆和田大枣大红枣批发玉骏枣非加工1斤3斤5斤新货 精选和田大枣【5斤装】,37.90,1000,https://item.m.jd.com/product/10032934214014.html?_fd=jdm&amp;price=37.90&amp;fs=1,敏润彩弘食品专营店
新边界土耳其杏干无添加天然杏脯250g杏肉非新疆杏子甘草吊干杏,18.90,1000,https://item.m.jd.com/product/67044082404.html?_fd=jdm&amp;price=18.90&amp;fs=1,新边界官方旗舰店
星云湖 新疆轮台小白杏干 吊死干树上干自然风干 1kg,79.80,100,https://item.m.jd.com/product/19281086472.html?_fd=jdm&amp;price=79.80&amp;fs=1,蝶本生鲜专营店
宏泰记果脯蜜饯话梅肉陈皮酵素梅新疆玉杏无花果酸Q梅杨梅蓝莓李果组合办公室休闲零食混合果干 混合口味500g,24.80,1000,https://item.m.jd.com/product/32106442559.html?_fd=jdm&amp;price=24.80&amp;fs=1,大眼蛙食品专营店
二杠头奶酪枣夹杏仁奶枣网红抖音炒奶枣炒货巴旦木夹心奶酪新疆红枣零食 奶酪枣【巴旦木夹心款】 500g独立包装,30.00,1,https://item.m.jd.com/product/10040559991687.html?_fd=jdm&amp;price=30.00&amp;fs=1,味悠可口旗舰店
吊干杏干1000g无添加天然新疆特产2021年新货树上干杏脯新疆杏干 新疆杏干500gx2袋,56.80,200,https://item.m.jd.com/product/10027321415102.html?_fd=jdm&amp;price=56.80&amp;fs=1,中国特产·北屯馆
【奎屯馆】新疆特产有机树上干杏吊干杏 伊杏皇果苑吊死杏干办公室休闲零食果干 丑杏500g/袋 1袋装,29.80,200,https://item.m.jd.com/product/10032054933631.html?_fd=jdm&amp;price=29.80&amp;fs=1,中国特产·奎屯馆
甘草杏 甘草杏肉独立小包装阿梅肉杏脯蜜饯杏条新疆杏干 甘草杏肉500克(无核),28.80,21,https://item.m.jd.com/product/10031086177066.html?_fd=jdm&amp;price=28.80&amp;fs=1,瑞景零食专营店
新疆杏干伊犁吊死干杏干无添加天然特级自然风干树上干杏新疆特产 杏干500g袋装,36.00,2,https://item.m.jd.com/product/10039495492025.html?_fd=jdm&amp;price=36.00&amp;fs=1,阿克苏麦巴夫食品专营店
5折 简农古树杏干338g*2袋杏脯果干无核个大肉厚天然香甜新疆果干零食 古树杏干*2袋,150.00,3,https://item.m.jd.com/product/10032702270444.html?_fd=jdm&amp;price=150.00&amp;fs=1,聚友休闲食品专营店
新疆阿克苏吊干杏杏干树上干杏杏仁一杏两吃晾晒500g 新疆杏干3斤,184.00,0,https://item.m.jd.com/product/70781799048.html?_fd=jdm&amp;price=184.00&amp;fs=1,沫娅娜熟食卤味专营店
简农古树杏干120g袋装无核个大果干独立包装新疆天然蜜饯孕妇零食 杏干120g*2包,45.24,19,https://item.m.jd.com/product/10037212733412.html?_fd=jdm&amp;price=45.24&amp;fs=1,娘舅家旗舰店
21年新货新疆树上杏干吊干杏特产500克真空包装原味不加糖原生态兵团四团一杏两吃肉甜糯劲道仁香脆 四团杏干500克*2袋（真空包装）,76.80,37,https://item.m.jd.com/product/10038189326830.html?_fd=jdm&amp;price=76.80&amp;fs=1,沙漠玉珠旗舰店
新疆特产杏干晒原味吊干杏新鲜散装吊干杏 一级吊干杏500克×1包,37.00,4,https://item.m.jd.com/product/71069828155.html?_fd=jdm&amp;price=37.00&amp;fs=1,澳荣联德食品专营店
抹茶味小奶枣杏心奶枣巧克力香芋味奶油夹心枣新疆灰枣巴旦木零食 (抹茶味巴旦木奶枣)520克装,87.60,1,https://item.m.jd.com/product/10040192410644.html?_fd=jdm&amp;price=87.60&amp;fs=1,芭尔咪零食专营店
新疆特产杏干晒原味吊干杏新鲜散装吊干杏 一级吊干杏500克×2包,65.00,4,https://item.m.jd.com/product/71069828158.html?_fd=jdm&amp;price=65.00&amp;fs=1,澳荣联德食品专营店
利吉氏金杏干利金杏干吉氏甜杏果干酸酸甜甜g*6袋装零食 利吉氏金杏干100g*4袋g,82.50,32,https://item.m.jd.com/product/10038145329065.html?_fd=jdm&amp;price=82.50&amp;fs=1,翔京旗舰店
【灯火岛】新疆红杏干蜜饯果干果脯水果干办公室休闲零食小吃特产儿童孕妇健康零食120g 橙色 新疆红杏干120g*7,89.90,36,https://item.m.jd.com/product/10037735719970.html?_fd=jdm&amp;price=89.90&amp;fs=1,灯火岛生鲜旗舰店
正宗新疆和田大枣大红枣批发玉骏枣非加工1斤3斤5斤新货 精选和田大枣【2斤装】,20.60,1000,https://item.m.jd.com/product/10032934214011.html?_fd=jdm&amp;price=20.60&amp;fs=1,敏润彩弘食品专营店
土耳其杏干19年新货特级杏肉干天然晾晒新鲜新疆吊干杏脯 500g 500g-黑杏脯,64.00,0,https://item.m.jd.com/product/70794745882.html?_fd=jdm&amp;price=64.00&amp;fs=1,沫娅娜糕点专营店
宏泰记果脯蜜饯话梅肉陈皮酵素梅新疆玉杏无花果酸Q梅杨梅蓝莓李果组合办公室休闲零食混合果干 无花果500g,24.80,1000,https://item.m.jd.com/product/32106442556.html?_fd=jdm&amp;price=24.80&amp;fs=1,大眼蛙食品专营店
甘草杏 甘草杏肉独立小包装阿梅肉杏脯蜜饯杏条新疆杏干 混合口味500克g,23.80,15,https://item.m.jd.com/product/10038263499132.html?_fd=jdm&amp;price=23.80&amp;fs=1,SKINNENDE营养健康旗舰店
每果时光 新疆杏干500g大片杏脯杏肉儿童孕妇零食休闲小吃蜜饯果干水果脯果蔬水果干 【2斤】精品杏干：250g*4包,49.80,10000,https://item.m.jd.com/product/10032758880056.html?_fd=jdm&amp;price=49.80&amp;fs=1,每果时光旗舰店
西域果园新疆杏包仁杏脯夹果仁大漠马卡龙休闲零食 杏包仁120g*3,36.50,76,https://item.m.jd.com/product/10024039294258.html?_fd=jdm&amp;price=36.50&amp;fs=1,中国特产·新疆农特产馆
新疆特产四团吊干杏500g 拒绝琉熏树上吊干杏干天然 二级5袋,126.80,1000,https://item.m.jd.com/product/69213978211.html?_fd=jdm&amp;price=126.80&amp;fs=1,谛卡洛食品专营店
5折 奶枣 奶枣奶枣500g奶酪枣夹心枣牛奶红枣夹杏仁新疆 【含巴旦木仁】奶枣500g*2包,147.00,1,https://item.m.jd.com/product/10029934620429.html?_fd=jdm&amp;price=147.00&amp;fs=1,华来顺食品专营店
新疆特产四团吊干杏500g 拒绝琉熏树上吊干杏干天然 一级5袋,169.10,1000,https://item.m.jd.com/product/69213978212.html?_fd=jdm&amp;price=169.10&amp;fs=1,谛卡洛食品专营店
小小的我新疆甜杏肉320g /盒 新疆英吉沙杏甜杏肉孕妇零食杏干果干果脯无核酸甜 320g*1盒,98.00,14,https://item.m.jd.com/product/10036491571323.html?_fd=jdm&amp;price=98.00&amp;fs=1,饭否特产专营店
黄金田园 土耳其杏干天然杏脯非新疆树上干杏无核特级杏肉非散装 200g/袋 土耳其杏干200g*2袋,32.90,2000,https://item.m.jd.com/product/70897420901.html?_fd=jdm&amp;price=32.90&amp;fs=1,黄金田园食品官方旗舰店
新疆小白杏干库车甜杏干树上干杏无添加 【新疆小白杏干】1斤装,51.00,200,https://item.m.jd.com/product/65009851328.html?_fd=jdm&amp;price=51.00&amp;fs=1,晓器猴食品专营店
新疆树上吊干杏干新鲜天然杏脯500g*2酸红杏肉干蜜饯零食 500g*2袋,67.80,4,https://item.m.jd.com/product/64222641872.html?_fd=jdm&amp;price=67.80&amp;fs=1,五分地食品专营店
古力拜 伊犁果丹皮（苹果/杏子/树莓/西梅）儿时怀旧零食新疆特产老式硬干果脯片独立小包装 杏子180g,25.00,100,https://item.m.jd.com/product/69593562976.html?_fd=jdm&amp;price=25.00&amp;fs=1,祥如食品专营店
新货新疆吊干杏四团树上吊死干杏干特级无添加农家天然阿克苏 大果吊干杏500克/包x2,133.00,200,https://item.m.jd.com/product/72182142052.html?_fd=jdm&amp;price=133.00&amp;fs=1,倪芳食品专营店
吊干杏干新疆特产杏干无添加2021年新货新疆杏干四团杏干 (21年新货发货)特级杏干2斤,85.50,1,https://item.m.jd.com/product/10035943716827.html?_fd=jdm&amp;price=85.50&amp;fs=1,柯林斯特食品专营店
【2021新货 顺丰】新疆杏干 树上干杏 阿克苏吊干杏干 小红杏干新疆特产零食 吊干杏干500g*2,89.00,44,https://item.m.jd.com/product/10026715883206.html?_fd=jdm&amp;price=89.00&amp;fs=1,爱果生鲜专营店
小小的我甜杏肉新疆特产西干梅肉果脯营养代餐办公室休闲食品40g/包 杏肉袋装【40g*4包】,39.80,1,https://item.m.jd.com/product/10038265732042.html?_fd=jdm&amp;price=39.80&amp;fs=1,雅泽特产专营店
正宗新疆和田大枣大红枣批发玉骏枣非加工1斤3斤5斤新货 和田大枣5斤【限购一份】,37.90,1000,https://item.m.jd.com/product/10032934214017.html?_fd=jdm&amp;price=37.90&amp;fs=1,敏润彩弘食品专营店
疆憨憨 新疆奶枣巴旦木杏仁夹心奶酪红枣坚果网红解馋小零食休闲食品 125g*4袋,42.90,58,https://item.m.jd.com/product/10035631767138.html?_fd=jdm&amp;price=42.90&amp;fs=1,中国特产·博州馆
问君 新疆特产杏干树上吊干杏果脯蜜饯果干休闲食品杏脯500g/袋 500g*2袋,49.90,200,https://item.m.jd.com/product/68819906706.html?_fd=jdm&amp;price=49.90&amp;fs=1,耕正食品专营店
新疆新红杏干 核 1g杏脯果脯罐装酸甜杏子蜜饯零食班房  食品 新货罐装红杏干500g,47.20,4,https://item.m.jd.com/product/10029694635490.html?_fd=jdm&amp;price=47.20&amp;fs=1,班房食品专营店
华味亨 杏脯200g\u005c/罐  酸甜无核杏干 新疆特产蜜饯果脯杏肉罐装零食品 200g*1罐,19.90,5000,https://item.m.jd.com/product/10033152100178.html?_fd=jdm&amp;price=19.90&amp;fs=1,华味亨旗舰店
薛记炒货枣有杏心160g奶枣杏仁夹心奶酪枣网红夹杏新疆大红枣巴旦木仁 枣有杏心160g/袋【含巴旦木】,19.90,500,https://item.m.jd.com/product/10025260806357.html?_fd=jdm&amp;price=19.90&amp;fs=1,薛记炒货旗舰店
5折 1000g新疆杏干吊干杏干 杏子 树上干杏 自然风干 吊干杏,125.00,1,https://item.m.jd.com/product/10028615351585.html?_fd=jdm&amp;price=125.00&amp;fs=1,沐泽食品专营店
新疆红杏干杏脯500g吊干杏杏肉树上酸杏子孕妇零食罐装果脯蜜饯 精品杏干罐装250g(尝鲜价),27.20,22,https://item.m.jd.com/product/10033838615801.html?_fd=jdm&amp;price=27.20&amp;fs=1,中京元休闲食品专营店
新疆特产树上干杏 蜜饯果干大杏干 伊犁吊死干零食果干 原味自然风干杏肉送礼佳品 杏干500g*2袋,69.00,40,https://item.m.jd.com/product/10023481765162.html?_fd=jdm&amp;price=69.00&amp;fs=1,恒滋冠食品专营店
新疆红杏干无核500g杏仁果脯罐装酸甜杏儿肉蜜饯零食小吃 新货罐装红杏干500g,39.00,7,https://item.m.jd.com/product/10036179393177.html?_fd=jdm&amp;price=39.00&amp;fs=1,格诗休闲食品专营店
